person,personLabel.x,memberID,member_name,check
http://www.wikidata.org/entity/Q1000314,Tom O'Donnell,865,Mr. Thomas G. O'Donnell,1
http://www.wikidata.org/entity/Q1029740,Timothy J. Murphy,803,Mr. Timothy Joseph Murphy,1
http://www.wikidata.org/entity/Q1064368,Charles Flanagan,414,Mr. Charles Flanagan,1
http://www.wikidata.org/entity/Q1066938,Charles McDonald,1477,Mr. Charles McDonald,1
http://www.wikidata.org/entity/Q10951943,Seymour Crawford,257,Mr. Seymour Crawford,1
http://www.wikidata.org/entity/Q10952174,Noel Treacy,1076,Mr. Noel Treacy,1
http://www.wikidata.org/entity/Q10971358,Noel Harrington,2329,Mr. Noel Harrington,1
http://www.wikidata.org/entity/Q1111220,David Andrews,18,Mr. David Andrews,1
http://www.wikidata.org/entity/Q11164108,Joe Callanan,1768,Mr. Joe Callanan,1
http://www.wikidata.org/entity/Q11173726,Peter Power,1838,Mr. Peter Power,1
http://www.wikidata.org/entity/Q1121447,Daniel Morrissey,781,Mr. Daniel Morrissey,1
http://www.wikidata.org/entity/Q11267457,Jim Kemmy,573,Mr. Jim Kemmy,1
http://www.wikidata.org/entity/Q1133058,Cormac Breathnach,86,Mr. Cormac Breathnach,1
http://www.wikidata.org/entity/Q1133060,Cormac Breslin,99,Mr. Cormac Breslin,1
http://www.wikidata.org/entity/Q1147738,Martin Brady,80,Mr. Martin Brady,1
http://www.wikidata.org/entity/Q1165622,Dara Calleary,2201,Mr. Dara Calleary,1
http://www.wikidata.org/entity/Q1166562,Darragh O'Brien,2178,Mr. Darragh O'Brien,1
http://www.wikidata.org/entity/Q1183377,Deirdre Clune,183,Ms. Deirdre Clune,1
http://www.wikidata.org/entity/Q1187379,Denis Gallagher,442,Mr. Denis Gallagher,1
http://www.wikidata.org/entity/Q1187443,Denis J. O'Sullivan,955,Mr. Denis J. O'Sullivan,1
http://www.wikidata.org/entity/Q1187493,Denis Larkin,610,Mr. Denis Larkin,1
http://www.wikidata.org/entity/Q1187575,Denis O'Donovan,1988,Mr. Denis O'Donovan,1
http://www.wikidata.org/entity/Q1200814,Desmond O'Malley,918,Mr. Desmond J. O'Malley,1
http://www.wikidata.org/entity/Q1200814,Desmond O'Malley,374,Mr. John (Jackie) Fahey,0
http://www.wikidata.org/entity/Q1233610,Hugh Coveney,249,Mr. Hugh Coveney,1
http://www.wikidata.org/entity/Q1237573,Dominic Hannigan,2239,Mr. Dominic Hannigan,1
http://www.wikidata.org/entity/Q1237901,Richard Burke,129,Mr. Raphael P. (Ray) Burke,1
http://www.wikidata.org/entity/Q1237901,Richard Burke,130,Mr. Richard Burke,1
http://www.wikidata.org/entity/Q1242028,Donogh O'Malley,919,Mr. Donogh O'Malley,1
http://www.wikidata.org/entity/Q1260655,Paddy Donegan,331,Mr. Patrick S. Donegan,1
http://www.wikidata.org/entity/Q1271675,Paschal Donohoe,2244,Mr. Paschal Donohoe,1
http://www.wikidata.org/entity/Q1275792,Kieran Crotty,262,Mr. Kieran Crotty,1
http://www.wikidata.org/entity/Q1276936,Eamonn Walsh,1095,Mr. Eamonn Walsh,1
http://www.wikidata.org/entity/Q1280533,Patrick Lindsay,638,Mr. Patrick James Lindsay,1
http://www.wikidata.org/entity/Q12849,Trevor Sargent,1022,Mr. Trevor Sargent,1
http://www.wikidata.org/entity/Q1291672,Patrick Byrne,147,Mr. Patrick Byrne,1
http://www.wikidata.org/entity/Q1312995,Seán Moore,777,Mr. Séan Moore,1
http://www.wikidata.org/entity/Q13156969,Brendan Griffin,2333,Mr. Brendan Griffin,1
http://www.wikidata.org/entity/Q13156970,Brian Walsh,2344,Mr. Brian Walsh,1
http://www.wikidata.org/entity/Q13157455,Joanna Tuffy,2016,Ms. Joanna Tuffy,1
http://www.wikidata.org/entity/Q13157552,Maureen O'Sullivan,2274,Ms. Maureen O'Sullivan,1
http://www.wikidata.org/entity/Q13157830,Stephen Donnelly,2336,Mr. Stephen Donnelly,1
http://www.wikidata.org/entity/Q13157894,Tony McLoughlin,2325,Mr. Tony McLoughlin,1
http://www.wikidata.org/entity/Q1346309,"Eoin Ryan, Jnr",1013,Mr. Eoin Ryan,1
http://www.wikidata.org/entity/Q1347603,Oliver J. Flanagan,415,Mr. Oliver J. Flanagan,1
http://www.wikidata.org/entity/Q13526416,Helen Keogh,1948,Ms. Helen Catherine Anne Keogh,1
http://www.wikidata.org/entity/Q1353589,"Patrick ""Paddy"" Smith",1046,Mr. Patrick Smith,1
http://www.wikidata.org/entity/Q1355110,Michael Begley,41,Mr. Michael Begley,1
http://www.wikidata.org/entity/Q13570086,Kit Ahern,1119,Mrs. Catherine Ita (Kit) Ahern,1
http://www.wikidata.org/entity/Q13648706,Michael Colreavy,2326,Mr. Michael Colreavy,1
http://www.wikidata.org/entity/Q13653269,Nicky McFadden,2241,Ms. Nicky McFadden,1
http://www.wikidata.org/entity/Q1373190,Eugene Timmons,1072,Mr. Eugene Timmons,1
http://www.wikidata.org/entity/Q1388454,Ray MacSharry,676,Mr. Ray MacSharry,1
http://www.wikidata.org/entity/Q1389005,Joe Higgins,516,Mr. Joe Higgins,1
http://www.wikidata.org/entity/Q1390670,Willie O'Dea,854,Mr. Willie O'Dea,1
http://www.wikidata.org/entity/Q1390688,Michael Noonan,821,Mr. Michael Noonan,1
http://www.wikidata.org/entity/Q1395382,Timothy O'Donovan,871,Mr. Timothy Joseph O'Donovan,1
http://www.wikidata.org/entity/Q1398283,John Ormonde,943,Mr. John Ormonde,1
http://www.wikidata.org/entity/Q1399304,Michael O'Kennedy,906,Mr. Michael O'Kennedy,1
http://www.wikidata.org/entity/Q1399396,Proinsias De Rossa,300,Mr. Proinsias De Rossa,1
http://www.wikidata.org/entity/Q1405662,Gay Mitchell,762,Mr. Gay Mitchell,1
http://www.wikidata.org/entity/Q1406221,Fergus O'Brien,828,Mr. Fergus O'Brien,1
http://www.wikidata.org/entity/Q1407838,Mícheál Ó Móráin,778,Mr. Michael Moran,1
http://www.wikidata.org/entity/Q1409057,James FitzGerald-Kenney,406,Mr. James Fitzgerald-Kenney,1
http://www.wikidata.org/entity/Q1410728,Noel Ahern,10,Mr. Noel Ahern,1
http://www.wikidata.org/entity/Q1417808,Richie Ryan,1020,Mr. Richie Ryan,1
http://www.wikidata.org/entity/Q1418534,Fiona O'Malley,1836,Ms. Fiona O'Malley,1
http://www.wikidata.org/entity/Q1418573,Fionán Lynch,649,Mr. Fionán Lynch,1
http://www.wikidata.org/entity/Q1425313,Garret FitzGerald,402,Mr. Garret FitzGerald,1
http://www.wikidata.org/entity/Q1441563,Frank Daly,1102,Dr. Francis Constantine (Dr.) Ward,0
http://www.wikidata.org/entity/Q1443220,Frank Fahey,373,Mr. Frank Fahey,1
http://www.wikidata.org/entity/Q1443237,Frank Feighan,2014,Mr. Frank Feighan,1
http://www.wikidata.org/entity/Q1459247,Niamh Bhreathnach,1867,Mrs. Niamh Bhreathnach,1
http://www.wikidata.org/entity/Q1468230,Michael J. Noonan,822,Mr. Michael J. (Limerick West) Noonan,1
http://www.wikidata.org/entity/Q1474714,Paul Gogarty,1808,Mr. Paul Nicholas Gogarty,1
http://www.wikidata.org/entity/Q1490344,Peadar Doyle,343,Mr. Peadar S. Doyle,1
http://www.wikidata.org/entity/Q1499408,Shane McEntee,2137,Mr. Shane McEntee RIP,1
http://www.wikidata.org/entity/Q1501146,Gemma Hussey,543,Mrs. Gemma Hussey,1
http://www.wikidata.org/entity/Q1501385,Gene Fitzgerald,400,Mr. Eugene (Gene) Fitzgerald,1
http://www.wikidata.org/entity/Q1501385,Gene Fitzgerald,499,Augustine .A. (Gus) Healy,0
http://www.wikidata.org/entity/Q1507132,George Colley,195,Mr. George Colley,1
http://www.wikidata.org/entity/Q1509799,Gerald Bartley,34,Mr. Gerald Bartley,1
http://www.wikidata.org/entity/Q1509803,Gerald Boland,62,Mr. Gerald Boland,1
http://www.wikidata.org/entity/Q1510129,Gerard Brady,76,Mr. Gerard Brady,1
http://www.wikidata.org/entity/Q1510184,Gerard Sweetman,1059,Mr. Gerard Sweetman,1
http://www.wikidata.org/entity/Q1514795,Ivan Yates,1117,Mr. Ivan Yates,1
http://www.wikidata.org/entity/Q1514911,Gerry O'Sullivan,957,Mr. Gerry O'Sullivan,1
http://www.wikidata.org/entity/Q1524549,P. J. Ruttledge,1012,Mr. Patrick J. Ruttledge,1
http://www.wikidata.org/entity/Q1534557,Robert Briscoe,101,Mr. Robert Briscoe,1
http://www.wikidata.org/entity/Q154550,Bertie Ahern,5,Mr. Bertie Ahern,1
http://www.wikidata.org/entity/Q1547762,Paddy O'Toole,966,Mr. Paddy O'Toole,1
http://www.wikidata.org/entity/Q15491096,Michael Moynihan,785,Mr. Michael Moynihan,1
http://www.wikidata.org/entity/Q15505588,Michael Donnellan,333,Mr. Michael Donnellan,1
http://www.wikidata.org/entity/Q15505588,Michael Donnellan,778,Mr. Michael Moran,0
http://www.wikidata.org/entity/Q1575554,John McCann,698,Mr. John McCann,1
http://www.wikidata.org/entity/Q1577118,William O'Brien,829,Mr. William O'Brien,1
http://www.wikidata.org/entity/Q1583571,James Larkin,612,Mr. James (Senior) Larkin,1
http://www.wikidata.org/entity/Q15992782,Harry Blaney,57,Mr. Harry Blaney,1
http://www.wikidata.org/entity/Q15995896,Joseph Hannigan,485,Mr. Joseph Hannigan,1
http://www.wikidata.org/entity/Q15996075,Hugo Flinn,419,Mr. Hugo Victor Flinn,1
http://www.wikidata.org/entity/Q15997435,James Victory,1089,Mr. James Victory,1
http://www.wikidata.org/entity/Q15998295,Bridget Redmond,987,Bridget Mary Redmond,1
http://www.wikidata.org/entity/Q15998295,Bridget Redmond,1018,Ms. Mary Bridget Ryan,0
http://www.wikidata.org/entity/Q15998527,James Kilroy,597,Mr. James Kilroy,1
http://www.wikidata.org/entity/Q16002987,John Friel,437,Mr. John Friel,1
http://www.wikidata.org/entity/Q16003864,Michael Kennedy,579,Mr. Michael Joseph Kennedy,1
http://www.wikidata.org/entity/Q16003907,Joseph Roddy,1005,Mr. Joseph Roddy,1
http://www.wikidata.org/entity/Q16005860,John S. O'Connor,849,Mr. John S. O'Connor,1
http://www.wikidata.org/entity/Q16006622,James O'Toole,964,Mr. James (Séamus) O'Toole,1
http://www.wikidata.org/entity/Q16007084,Gerrard McGowan,733,Mr. Gerrard L. McGowan,1
http://www.wikidata.org/entity/Q16007752,Ernest Benson,52,Mr. Ernest Edmondson Benson,1
http://www.wikidata.org/entity/Q16008062,Noel Lemass,625,Mr. Noel T. Lemass,1
http://www.wikidata.org/entity/Q16008169,Martin Corry,232,Mr. Martin John Corry,1
http://www.wikidata.org/entity/Q16010078,Michael Mullen,790,Mr. Michael Mullen,1
http://www.wikidata.org/entity/Q16010360,James Gallagher,443,Mr. James Gallagher,1
http://www.wikidata.org/entity/Q16010992,Jack Murphy,799,Mr. John Murphy,0
http://www.wikidata.org/entity/Q16011895,Eugene Gilhawley,462,Mr. Eugene Gilhawley,1
http://www.wikidata.org/entity/Q16012627,Henry Johnston,548,Mr. Henry Martin Johnston,1
http://www.wikidata.org/entity/Q16013379,Philip Burton,134,Mr. Philip Burton,1
http://www.wikidata.org/entity/Q16013416,Des Foley,427,Mr. Des Foley,1
http://www.wikidata.org/entity/Q16014127,Jack McQuillan,751,Mr. John (Jack) McQuillan,1
http://www.wikidata.org/entity/Q16014984,Joe Sheridan,1036,Mr. Joseph Sheridan,1
http://www.wikidata.org/entity/Q16015900,Bernard Markey,1524,Mr. Bernard Markey,1
http://www.wikidata.org/entity/Q16016100,John Conlan,210,Mr. John Francis Conlan,1
http://www.wikidata.org/entity/Q16019462,Peadar Maher,685,Mr. Peader Maher,1
http://www.wikidata.org/entity/Q16019666,Peadar Clohessy,182,Mr. Peadar Clohessy,1
http://www.wikidata.org/entity/Q16022956,Nicholas Wall,1092,Mr. Nicholas Wall,1
http://www.wikidata.org/entity/Q16067622,Harry Colley,196,Mr. Harry Colley,1
http://www.wikidata.org/entity/Q16067687,Jeremiah Ryan,1015,Colonel Jeremiah Ryan,1
http://www.wikidata.org/entity/Q1606945,Henry Kenny,581,Mr. Henry Kenny,1
http://www.wikidata.org/entity/Q1607054,Henry Morgan Dockrell,320,Mr. Henry Morgan Dockrell,1
http://www.wikidata.org/entity/Q16095503,Jim Corr,231,Mr. James Corr,1
http://www.wikidata.org/entity/Q16095540,Michael D'Arcy,282,Mr. Michael D'Arcy,1
http://www.wikidata.org/entity/Q16104401,John Browne,108,Mr. John Browne,0
http://www.wikidata.org/entity/Q16104401,John Browne,107,Mr. John Browne,0
http://www.wikidata.org/entity/Q16104628,Donal Carey,158,Mr. Donal Carey,1
http://www.wikidata.org/entity/Q16104841,Michael Joe Cosgrave,236,Mr. Michael Joe Cosgrave,1
http://www.wikidata.org/entity/Q16105007,James White,1106,Mr. James White,1
http://www.wikidata.org/entity/Q16105085,Tom Gildea,460,Mr. Tom Gildea,1
http://www.wikidata.org/entity/Q16106036,Ned O'Keeffe,902,Mr. Edward O'Keeffe,1
http://www.wikidata.org/entity/Q16106704,Pat Lee,621,Dr. Pat Lee,1
http://www.wikidata.org/entity/Q16107314,Patrick Gallagher,444,Mr. Paddy Gallagher,1
http://www.wikidata.org/entity/Q16114919,Henry Abbott,1,Mr. Henry Abbott,1
http://www.wikidata.org/entity/Q16136488,Michael Kennedy,2176,Mr. Michael Kennedy,1
http://www.wikidata.org/entity/Q1613980,Mervyn Taylor,1063,Mr. Mervyn Taylor,1
http://www.wikidata.org/entity/Q16151677,Jerry Cowley,1772,Dr. Jerry Cowley,1
http://www.wikidata.org/entity/Q16185464,Paddy McHugh,1823,Mr. Paddy McHugh,1
http://www.wikidata.org/entity/Q16186226,John V. Farrelly,381,Mr. John V. Farrelly,1
http://www.wikidata.org/entity/Q16190287,Micheál Clery,179,Mr. Micheál Clery,1
http://www.wikidata.org/entity/Q16190763,Bernard Maguire,681,Mr. Bernard John (Ben) Maguire,1
http://www.wikidata.org/entity/Q16190853,Mary Mooney,774,Ms. Mary Mooney,1
http://www.wikidata.org/entity/Q16192582,Myra Barry,31,Ms. Myra Barry,1
http://www.wikidata.org/entity/Q1635157,Noel Grealish,1801,Mr. Noel Grealish,1
http://www.wikidata.org/entity/Q1651724,Paddy Belton,49,Mr. Paddy Belton,1
http://www.wikidata.org/entity/Q1655204,Séamus Brennan,1158,Mr. Seamus Brennan (Deceased),1
http://www.wikidata.org/entity/Q1658165,William Murphy,804,Mr. William Murphy,1
http://www.wikidata.org/entity/Q1670096,Simon Coveney,1073,Mr. John Joseph Timoney,0
http://www.wikidata.org/entity/Q1670096,Simon Coveney,250,Mr. Simon Coveney,1
http://www.wikidata.org/entity/Q1671033,John M. Kelly,374,Mr. John (Jackie) Fahey,0
http://www.wikidata.org/entity/Q1671033,John M. Kelly,1016,Mr. John J. Ryan,0
http://www.wikidata.org/entity/Q1672642,Michael Ahern,9,Mr. Michael Ahern,1
http://www.wikidata.org/entity/Q1676974,Jack Belton,46,Mr. Jack Belton,1
http://www.wikidata.org/entity/Q1680138,James Carroll,162,Mr. James Carroll,1
http://www.wikidata.org/entity/Q1680449,Jim Gibbons,456,Mr. James Gibbons,1
http://www.wikidata.org/entity/Q1680465,Michael Lowry,645,Mr. Michael Lowry,1
http://www.wikidata.org/entity/Q1681029,James Reilly,2180,Dr. James Reilly,1
http://www.wikidata.org/entity/Q1681217,James Tully,1079,Mr. James Tully,1
http://www.wikidata.org/entity/Q1684747,Martin O'Sullivan,960,Mr. Martin O'Sullivan,1
http://www.wikidata.org/entity/Q1687809,Jerry Cronin,261,Mr. Jeremiah Cronin,1
http://www.wikidata.org/entity/Q1689151,Jim McDaid,712,Dr. James McDaid,1
http://www.wikidata.org/entity/Q1689168,Jim Mitchell,763,Mr. Jim Mitchell,1
http://www.wikidata.org/entity/Q1689234,Jim Tunney,1082,Mr. Jim Tunney,1
http://www.wikidata.org/entity/Q1691642,Joe Walsh,1097,Mr. Joe Walsh,1
http://www.wikidata.org/entity/Q1699359,John Boland,64,Mr. John Boland,1
http://www.wikidata.org/entity/Q1699564,John Carty,1769,Mr. John Carty,1
http://www.wikidata.org/entity/Q1700253,John Gormley,472,Mr. John Gormley,1
http://www.wikidata.org/entity/Q1700553,Seán Mac Eoin,666,Mr. Seán (Major-General) Mac Eoin,1
http://www.wikidata.org/entity/Q1701283,John M. O'Sullivan,959,Mr. John Marcus O'Sullivan,1
http://www.wikidata.org/entity/Q1701309,John P. Wilson,1109,Mr. John P. Wilson,1
http://www.wikidata.org/entity/Q1701797,John Stafford,1050,Mr. John Stafford,1
http://www.wikidata.org/entity/Q1706630,Joseph Blowick,60,Mr. Joseph Blowick,1
http://www.wikidata.org/entity/Q1706677,Joseph Brennan,89,Mr. Joseph Brennan,1
http://www.wikidata.org/entity/Q1724125,Tom Sheahan,2195,Mr. Tom Sheahan,1
http://www.wikidata.org/entity/Q1727081,Neil Blaney,59,Mr. Neil T. Blaney,1
http://www.wikidata.org/entity/Q1728820,Leo Varadkar,2192,Dr. Leo Varadkar,1
http://www.wikidata.org/entity/Q173347,Éamon de Valera,301,Mr. Eamon de Valera,1
http://www.wikidata.org/entity/Q1738824,Terence Flanagan,2182,Mr. Terence Flanagan,1
http://www.wikidata.org/entity/Q1740089,Kevin Boland,65,Mr. Kevin Boland,1
http://www.wikidata.org/entity/Q1749120,Sylvester Barrett,28,Mr. Sylvester Barrett,1
http://www.wikidata.org/entity/Q175181,James O'Keeffe,1596,Mr. James Joseph O'Keeffe,1
http://www.wikidata.org/entity/Q176817,Máire Geoghegan-Quinn,454,Mrs. Máire Geoghegan-Quinn,1
http://www.wikidata.org/entity/Q1770312,Tom O'Higgins,895,Mr. Thomas Francis (Jnr.) O'Higgins,1
http://www.wikidata.org/entity/Q1792782,Noel Coonan,1999,Mr. Noel J Coonan,1
http://www.wikidata.org/entity/Q1802106,Rory O'Hanlon,888,Dr. Rory O'Hanlon,1
http://www.wikidata.org/entity/Q180763,Michael Bell,44,Mr. Michael Bell,1
http://www.wikidata.org/entity/Q180763,Michael Bell,129,Mr. Raphael P. (Ray) Burke,0
http://www.wikidata.org/entity/Q181017,Ben Briscoe,100,Mr. Ben Briscoe,1
http://www.wikidata.org/entity/Q1822660,Liam Aylward,23,Mr. Liam Aylward,1
http://www.wikidata.org/entity/Q1822664,Liam Kavanagh,554,Mr. Liam Kavanagh,1
http://www.wikidata.org/entity/Q1822671,Liam Naughten,1549,Mr. Liam (William) Anthony Naughten,1
http://www.wikidata.org/entity/Q1822676,Liam T. Cosgrave,235,Mr. Liam T. (Junior) Cosgrave,1
http://www.wikidata.org/entity/Q185272,Brian Cowen,253,Mr. Brian Cowen,1
http://www.wikidata.org/entity/Q1899995,Mark Clinton,180,Mr. Mark A. Clinton,1
http://www.wikidata.org/entity/Q1903595,Martin Cullen,274,Mr. Martin Cullen (Resigned),1
http://www.wikidata.org/entity/Q1904691,Martin O'Donoghue,859,Mr. Martin O'Donoghue,1
http://www.wikidata.org/entity/Q1911300,Maurice E. Dockrell,322,Mr. Maurice Edward Dockrell,1
http://www.wikidata.org/entity/Q1927431,Michael Fitzpatrick,2193,Mr. Michael Fitzpatrick,1
http://www.wikidata.org/entity/Q1927842,Michael Hilliard,521,Mr. Michael Hilliard,1
http://www.wikidata.org/entity/Q1928143,Michael Keating,560,Mr. Michael Keating,1
http://www.wikidata.org/entity/Q1928143,Michael Keating,1045,Mr. Michael Smith,0
http://www.wikidata.org/entity/Q1928579,Michael McDowell,719,Mr. Michael McDowell,1
http://www.wikidata.org/entity/Q1928683,Michael Mulcahy,1539,Mr. Michael Mulcahy,1
http://www.wikidata.org/entity/Q1929419,Michael Smith,1045,Mr. Michael Smith,1
http://www.wikidata.org/entity/Q1968551,Pádraig Flynn,422,Mr. Pádraig Flynn,1
http://www.wikidata.org/entity/Q1995359,Noel Davern,291,Mr. Noel Davern,1
http://www.wikidata.org/entity/Q1996590,Nora Owen,967,Mrs. Nora Owen,1
http://www.wikidata.org/entity/Q202245,James Ryan,1014,Dr. James Ryan,1
http://www.wikidata.org/entity/Q2032993,Oscar Traynor,1075,Mr. Oscar Traynor,1
http://www.wikidata.org/entity/Q2038800,Ruairi Quinn,985,Mr. Ruairí Quinn,1
http://www.wikidata.org/entity/Q2056456,Pat Carey,160,Mr. Pat Carey,1
http://www.wikidata.org/entity/Q2056588,Pat Upton,1087,Dr. Pat Upton,1
http://www.wikidata.org/entity/Q2057503,Patrick Cooney,224,Mr. Patrick M. Cooney,1
http://www.wikidata.org/entity/Q2057699,Patrick J. Reynolds,1649,Mr. Patrick Joseph Reynolds,1
http://www.wikidata.org/entity/Q2057753,Patrick Lalor,608,Mr. Patrick J. Lalor,1
http://www.wikidata.org/entity/Q2057774,Patrick Little,641,Mr. Patrick J. Little,1
http://www.wikidata.org/entity/Q2057801,Patrick McGilligan,727,Mr. Patrick McGilligan,1
http://www.wikidata.org/entity/Q2057804,Patrick McGrath,736,Mr. Patrick McGrath,1
http://www.wikidata.org/entity/Q2058966,Paul Bradford,73,Mr. Paul Bradford,1
http://www.wikidata.org/entity/Q2065927,Pearse Wyse,1116,Mr. Pearse Wyse,1
http://www.wikidata.org/entity/Q2065927,Pearse Wyse,569,Professor John M. Kelly,0
http://www.wikidata.org/entity/Q2073804,Peter Barry,32,Mr. Peter Barry,1
http://www.wikidata.org/entity/Q2086019,Philip Brady,81,Mr. Philip A. Brady,1
http://www.wikidata.org/entity/Q2120114,Pádraic McCormack,707,Mr. Pádraic McCormack,1
http://www.wikidata.org/entity/Q2149121,Richard Boyd Barrett,2285,Mr. Richard Boyd Barrett,1
http://www.wikidata.org/entity/Q2159037,Robert Troy,2305,Mr. Robert Troy,1
http://www.wikidata.org/entity/Q221888,Seán Barrett,26,Mr. Sean Barrett,1
http://www.wikidata.org/entity/Q2276016,Seán Doherty,326,Mr. Sean (Longford-Roscommon) Doherty,1
http://www.wikidata.org/entity/Q2276017,Seán Dublin Bay Rockall Loftus,13,"Alderman Sean D. Loftus (Deceased), Dublin Bay Rockall",1
http://www.wikidata.org/entity/Q2276044,Seán Kenny,582,Mr. Sean Kenny,1
http://www.wikidata.org/entity/Q2276053,Seán Sherwin,1040,Mr. Seán Sherwin,1
http://www.wikidata.org/entity/Q2276876,Shane Ross,1974,Mr. Shane Peter Nathaniel Ross,1
http://www.wikidata.org/entity/Q2379284,Séamus Burke,70,Mr. Seamus Aloysius Bourke,1
http://www.wikidata.org/entity/Q2379290,Séamus Dolan,1268,Mr. Séamus Dolan (Deceased),1
http://www.wikidata.org/entity/Q2405660,Terry Leyden,636,Mr. Terry Leyden,1
http://www.wikidata.org/entity/Q24205300,Michael O'Higgins,894,Mr. Michael Joseph O'Higgins,1
http://www.wikidata.org/entity/Q24205374,Brigid Hogan-O'Higgins,895,Mr. Thomas Francis (Jnr.) O'Higgins,0
http://www.wikidata.org/entity/Q24205374,Brigid Hogan-O'Higgins,529,Mrs. Brigid Hogan-O'Higgins,1
http://www.wikidata.org/entity/Q2422838,Thomas Byrne,149,Mr. Thomas Byrne,1
http://www.wikidata.org/entity/Q2423865,Thomas Finlay,392,Mr. Thomas A. Finlay,1
http://www.wikidata.org/entity/Q2424966,Thomas J. Fitzpatrick,410,Mr. Thomas J. (Cavan) Fitzpatrick,0
http://www.wikidata.org/entity/Q2424966,Thomas J. Fitzpatrick,411,Mr. Thomas J. (Dublin South-Central) Fitzpatrick,0
http://www.wikidata.org/entity/Q2428010,Thomas Walsh,1101,Mr. Thomas Walsh,1
http://www.wikidata.org/entity/Q2434824,Timmy Dooley,2015,Mr. Timmy Dooley,1
http://www.wikidata.org/entity/Q2439786,Tom Kitt,604,Mr. Tom Kitt,1
http://www.wikidata.org/entity/Q2439938,Tom Nolan,820,Mr. Thomas Nolan,1
http://www.wikidata.org/entity/Q2442673,Tony Killeen,594,Mr. Tony Killeen,1
http://www.wikidata.org/entity/Q244395,Seán MacBride,671,Mr. Seán MacBride,1
http://www.wikidata.org/entity/Q248784,Pearse Doherty,2216,Mr. Pearse Doherty,1
http://www.wikidata.org/entity/Q249955,Áine Brady,2156,Ms. Aíne Brady,1
http://www.wikidata.org/entity/Q2579457,William J. Murphy,805,Mr. William J. Murphy,1
http://www.wikidata.org/entity/Q2580143,William Norton,825,Mr. William Norton,1
http://www.wikidata.org/entity/Q2580176,William O'Brien,830,Mr. William (Limerick West) O'Brien,1
http://www.wikidata.org/entity/Q2623867,Alex White,2219,Mr. Alex White,1
http://www.wikidata.org/entity/Q263894,John Lyons,2307,Mr. John Lyons,1
http://www.wikidata.org/entity/Q2644133,"Alexis FitzGerald, Jnr",1315,Mr. Alexis J.G. (Junior) Fitzgerald,1
http://www.wikidata.org/entity/Q2644798,Alfred Byrne,137,Mr. Alfred Byrne,1
http://www.wikidata.org/entity/Q2645628,Alfred P. Byrne,138,Mr. Alfred Patrick Byrne,1
http://www.wikidata.org/entity/Q2646906,Alice Glenn,466,Mr. Alice Glenn,1
http://www.wikidata.org/entity/Q266969,Frank Fahy,375,Mr. Frank Fahy,1
http://www.wikidata.org/entity/Q273274,Éamon Ó Cuív,129,Mr. Raphael P. (Ray) Burke,0
http://www.wikidata.org/entity/Q273274,Éamon Ó Cuív,852,Mr. Éamon Ó Cuív,1
http://www.wikidata.org/entity/Q278178,Seán Haughey,492,Mr. Sean Haughey,1
http://www.wikidata.org/entity/Q278830,Tony Gregory,476,Mr. Tony Gregory (Deceased),1
http://www.wikidata.org/entity/Q283778,Michael Keyes,589,Mr. Michael Keyes,1
http://www.wikidata.org/entity/Q2975532,Clare Daly,2296,Ms. Clare Daly,1
http://www.wikidata.org/entity/Q3026478,Jim Fitzsimons,412,Mr. James N. Fitzsimons,1
http://www.wikidata.org/entity/Q303304,Charlie McCreevy,709,Mr. Charlie McCreevy,1
http://www.wikidata.org/entity/Q310225,Pat Cox,254,Mr. Pat Cox,1
http://www.wikidata.org/entity/Q310994,Patrick Hillery,519,Dr. Patrick J. Hillery,1
http://www.wikidata.org/entity/Q3265837,Lucinda Creighton,2190,Ms. Lucinda Creighton,1
http://www.wikidata.org/entity/Q327203,Seán T. O'Kelly,905,Mr. Seán T. O'Kelly,1
http://www.wikidata.org/entity/Q3308249,Michael Herbert,508,Mr. Michael Herbert,1
http://www.wikidata.org/entity/Q333701,John Bruton,118,Mr. John Bruton,1
http://www.wikidata.org/entity/Q333735,Charles Haughey,491,Mr. Charles J. Haughey,1
http://www.wikidata.org/entity/Q335783,Michael Conaghan,2291,Mr. Michael Conaghan,1
http://www.wikidata.org/entity/Q3545632,Austin Currie,280,Mr. Austin Currie,1
http://www.wikidata.org/entity/Q356450,Erskine Hamilton Childers,174,Mr. Erskine Hamilton Childers,1
http://www.wikidata.org/entity/Q356460,Dick Spring,1048,Mr. Dick Spring,1
http://www.wikidata.org/entity/Q371007,Ciarán Cannon,2253,Mr. Ciaran Cannon,1
http://www.wikidata.org/entity/Q3744449,Dinny McGinley,728,Mr. Dinny McGinley,1
http://www.wikidata.org/entity/Q3775898,Geraldine Kennedy,576,Ms. Geraldine Kennedy,1
http://www.wikidata.org/entity/Q3777412,John Perry,974,Mr. John Perry,1
http://www.wikidata.org/entity/Q3777426,Michael Moynihan,786,Mr. Michael Moynihan,1
http://www.wikidata.org/entity/Q3777436,Seán Fleming,418,Mr. Sean Fleming,1
http://www.wikidata.org/entity/Q3777446,Joe Costello,240,Mr. Joe Costello,1
http://www.wikidata.org/entity/Q3777456,Tommy Broughan,106,Mr. Tommy Broughan,1
http://www.wikidata.org/entity/Q3777461,Kathleen Lynch,656,Ms. Kathleen Lynch,1
http://www.wikidata.org/entity/Q3777469,Paul Kehoe,1805,Mr. Paul Kehoe,1
http://www.wikidata.org/entity/Q3777472,Michael Ring,1000,Mr. Michael Ring,1
http://www.wikidata.org/entity/Q3777482,Róisín Shortall,1041,Ms. Róisín Shortall,1
http://www.wikidata.org/entity/Q3777488,John Browne,108,Mr. John Browne,0
http://www.wikidata.org/entity/Q3777488,John Browne,107,Mr. John Browne,0
http://www.wikidata.org/entity/Q3777503,Barry Andrews,1811,Mr. Barry Andrews,1
http://www.wikidata.org/entity/Q3777521,Billy Timmins,2037,Mr. Billy Godfrey Timmins,1
http://www.wikidata.org/entity/Q3777530,Brian O'Shea,953,Mr. Brian O'Shea,1
http://www.wikidata.org/entity/Q3777541,Emmet Stagg,1051,Mr. Emmet Stagg,1
http://www.wikidata.org/entity/Q3777548,Fergus O'Dowd,1833,Mr. Fergus O'Dowd,1
http://www.wikidata.org/entity/Q3777550,Jack Wall,1091,Mr. Jack Wall,1
http://www.wikidata.org/entity/Q3777562,John Deasy,1817,Mr. John Deasy,1
http://www.wikidata.org/entity/Q3777573,Ivor Callely,156,Mr. Ivor Callely,1
http://www.wikidata.org/entity/Q3777584,Tom Hayes,1807,Mr. Tom Hayes,1
http://www.wikidata.org/entity/Q3777594,Olivia Mitchell,764,Ms. Olivia Mitchell,1
http://www.wikidata.org/entity/Q3777612,David Stanton,1053,Mr. David Stanton,1
http://www.wikidata.org/entity/Q3777896,Damien English,1781,Mr. Damien English,1
http://www.wikidata.org/entity/Q3778028,Vivion de Valera,303,Vivion de Valera,1
http://www.wikidata.org/entity/Q3778028,Vivion de Valera,499,Augustine .A. (Gus) Healy,0
http://www.wikidata.org/entity/Q3778169,Luke 'Ming' Flanagan,2327,Mr. Luke 'Ming' Flanagan,1
http://www.wikidata.org/entity/Q3778361,Dan Breen,88,Mr. Daniel Breen,1
http://www.wikidata.org/entity/Q380182,Albert Reynolds,991,Mr. Albert Reynolds,1
http://www.wikidata.org/entity/Q380299,Dan Neville,1551,Mr. Dan Neville,1
http://www.wikidata.org/entity/Q380301,Liam Twomey,1841,Dr. Liam Twomey,1
http://www.wikidata.org/entity/Q380306,Dan Boyle,1767,Mr. Dan Boyle,1
http://www.wikidata.org/entity/Q380310,Ciarán Cuffe,1814,Mr. Ciaran Cuffe,1
http://www.wikidata.org/entity/Q380312,Noel Dempsey,309,Mr. Noel Dempsey,1
http://www.wikidata.org/entity/Q380320,Bernard Durkan,355,Mr. Bernard Durkan,1
http://www.wikidata.org/entity/Q380333,Bernard Allen,14,Mr. Bernard Allen,1
http://www.wikidata.org/entity/Q381658,Denis Naughten,809,Mr. Denis Naughten,1
http://www.wikidata.org/entity/Q381661,Liam Cosgrave,234,Mr. Liam Cosgrave,1
http://www.wikidata.org/entity/Q381681,Jack Lynch,652,Mr. Jack Lynch,1
http://www.wikidata.org/entity/Q381690,John A. Costello,241,Mr. John Aloysius Costello,1
http://www.wikidata.org/entity/Q384658,Anthony Lawlor,2283,Mr. Anthony Lawlor,1
http://www.wikidata.org/entity/Q435867,Eileen Desmond,315,Mrs. Eileen Desmond,1
http://www.wikidata.org/entity/Q435867,Eileen Desmond,1034,Mr. William Alexander Watson Sheldon,0
http://www.wikidata.org/entity/Q436181,Síle de Valera,302,Ms. Síle de Valera,1
http://www.wikidata.org/entity/Q444372,Marian Harkin,1802,Ms. Marian Harkin,1
http://www.wikidata.org/entity/Q444685,Joan Burton,133,Ms. Joan Burton,1
http://www.wikidata.org/entity/Q444705,Mary Coughlan,247,Ms. Mary Coughlan,1
http://www.wikidata.org/entity/Q444725,Jan O'Sullivan,1754,Ms. Jan O'Sullivan,1
http://www.wikidata.org/entity/Q444993,Frank Cluskey,184,Mr. Frank Cluskey,1
http://www.wikidata.org/entity/Q446570,Pádraig Faulkner,382,Mr. Padraig Faulkner,1
http://www.wikidata.org/entity/Q446680,Paddy Power,979,Mr. Patrick Power,1
http://www.wikidata.org/entity/Q446685,Gerry Collins,199,Mr. Gerard Collins,1
http://www.wikidata.org/entity/Q446698,John O'Connell,844,Dr. John F. O'Connell (Deceased),1
http://www.wikidata.org/entity/Q454149,Alan Dukes,352,Mr. Alan Dukes,1
http://www.wikidata.org/entity/Q454169,Frank Aiken,11,Mr. Frank Aiken,1
http://www.wikidata.org/entity/Q454178,Michael O'Leary,910,Mr. Michael O'Leary,1
http://www.wikidata.org/entity/Q454180,Justin Keating,559,Mr. Justin Keating,1
http://www.wikidata.org/entity/Q454213,Tomás Mac Giolla,667,Mr. Tomás Mac Giolla,1
http://www.wikidata.org/entity/Q454245,Alan Kelly,2218,Mr. Alan Kelly,1
http://www.wikidata.org/entity/Q454271,James Dillon,318,Mr. James M. Dillon,1
http://www.wikidata.org/entity/Q465770,W. T. Cosgrave,238,Mr. William T. Cosgrave,1
http://www.wikidata.org/entity/Q466028,Brendan Howlin,535,Mr. Brendan Howlin,1
http://www.wikidata.org/entity/Q466044,Brendan Smith,1044,Mr. Brendan Smith,1
http://www.wikidata.org/entity/Q466058,Séamus Pattison,970,Mr. Séamus Pattison,1
http://www.wikidata.org/entity/Q466420,Seán Flanagan,416,Mr. Sean Flanagan,1
http://www.wikidata.org/entity/Q467029,Johnny Brady,78,Mr. Johnny Brady,1
http://www.wikidata.org/entity/Q467414,Mary Lou McDonald,2298,Ms. Mary Lou McDonald,1
http://www.wikidata.org/entity/Q467625,Mary Harney,486,Ms. Mary Harney,1
http://www.wikidata.org/entity/Q467625,Mary Harney,2157,Ms. Mary Alexandra White,0
http://www.wikidata.org/entity/Q467641,Mary Hanafin,484,Ms. Mary Hanafin,1
http://www.wikidata.org/entity/Q467680,Seán Lemass,626,Mr. Seán F. Lemass,1
http://www.wikidata.org/entity/Q4687826,Aengus Ó Snodaigh,1829,Mr. Aengus Ó Snodaigh,1
http://www.wikidata.org/entity/Q4706603,Alan Farrell,2297,Mr. Alan Farrell,1
http://www.wikidata.org/entity/Q470736,Noël Browne,110,Dr. Noel C. Browne,1
http://www.wikidata.org/entity/Q472742,Dick Roche,1003,Mr. Dick Roche,1
http://www.wikidata.org/entity/Q472750,Batt O'Keeffe,899,Mr. Batt O'Keeffe,1
http://www.wikidata.org/entity/Q4756404,Andrew Boylan,71,Mr. Andrew Boylan,1
http://www.wikidata.org/entity/Q4756838,Andrew Doyle,2170,Mr. Andrew Doyle,1
http://www.wikidata.org/entity/Q4756970,Andrew Fogarty,424,Mr. Andrew Fogarty,1
http://www.wikidata.org/entity/Q4766625,Ann Phelan,2293,Ms. Ann Phelan,1
http://www.wikidata.org/entity/Q4768236,Anne Colley,194,Mrs. Anne Colley,1
http://www.wikidata.org/entity/Q4768330,Anne Ferris,2337,Ms. Anne Ferris,1
http://www.wikidata.org/entity/Q4772072,Anthony Barry,30,Mr. Anthony Barry,1
http://www.wikidata.org/entity/Q4773104,Anthony Millar,759,Mr. Anthony G. Millar,1
http://www.wikidata.org/entity/Q4778602,Aodhán Ó Ríordáin,2301,Mr. Aodhán Ó Ríordáin,1
http://www.wikidata.org/entity/Q4786359,Archibald Heron,509,Mr. Archie Heron,1
http://www.wikidata.org/entity/Q4799756,Arthur Morgan,1824,Mr. Arthur Morgan,1
http://www.wikidata.org/entity/Q4800340,Arthur Spring,2330,Mr. Arthur Spring,1
http://www.wikidata.org/entity/Q4864100,Barry Cogan,187,Mr. Barry Cogan,1
http://www.wikidata.org/entity/Q4864133,Barry Cowen,2340,Mr. Barry Cowen,1
http://www.wikidata.org/entity/Q4869657,Batt Donegan,330,Mr. Bartholomew (Batt) Donegan,1
http://www.wikidata.org/entity/Q4893016,Bernard Commons,206,Mr. Bernard Commons,1
http://www.wikidata.org/entity/Q4893027,Bernard Cowen,252,Mr. Bernard F. Cowen,1
http://www.wikidata.org/entity/Q4899405,Beverley Flynn,226,Ms. Beverley Flynn,1
http://www.wikidata.org/entity/Q4908585,Bill Cotter,1229,Mr. Bill Cotter,1
http://www.wikidata.org/entity/Q4909946,Bill Loughnane,644,Mr. William Loughnane,1
http://www.wikidata.org/entity/Q4912564,Billy Fox,1329,Mr. Billy Fox,1
http://www.wikidata.org/entity/Q4912830,Billy Kenneally,1759,Mr. William Kenneally,1
http://www.wikidata.org/entity/Q4960207,Breeda Moynihan-Cronin,787,Ms. Breeda Moynihan-Cronin,1
http://www.wikidata.org/entity/Q4960850,Brendan Crinion,260,Mr. Brendan Crinion,1
http://www.wikidata.org/entity/Q4960898,Brendan Glynn,467,Mr. Brendan M. Glynn,1
http://www.wikidata.org/entity/Q4960906,Brendan Griffin,477,Mr. Brendan Griffin,1
http://www.wikidata.org/entity/Q4960914,Brendan Halligan,483,Mr. Brendan Halligan,1
http://www.wikidata.org/entity/Q4960950,Brendan Kenneally,574,Mr. Brendan Kenneally,1
http://www.wikidata.org/entity/Q4960994,Brendan McGahon,724,Mr. Brendan McGahon,1
http://www.wikidata.org/entity/Q4961106,Brendan Toal,1074,Mr. Brendan Toal,1
http://www.wikidata.org/entity/Q4963187,Brian Brady,75,Mr. Brian Brady,1
http://www.wikidata.org/entity/Q4963751,Brian Fitzgerald,397,Mr. Brian Fitzgerald,1
http://www.wikidata.org/entity/Q4963756,Brian Fleming,417,Mr. Brian Fleming,1
http://www.wikidata.org/entity/Q4963985,Brian Hayes,493,Mr. Brian Hayes,1
http://www.wikidata.org/entity/Q4964053,Brian Hillery,1375,Mr. Brian Hillery,1
http://www.wikidata.org/entity/Q4965374,Brian Stanley,2341,Mr. Brian Stanley,1
http://www.wikidata.org/entity/Q4965428,Brian Swift,1061,Mr. Brian Swift,1
http://www.wikidata.org/entity/Q4966748,Bridget Rice,996,Ms. Bridget Mary Rice,1
http://www.wikidata.org/entity/Q4974319,Brook Brasier,85,Mr. Brook Brasier,1
http://www.wikidata.org/entity/Q5034361,Caoimhghín Ó Caoláin,837,Mr. Caoimhghín Ó Caoláin,1
http://www.wikidata.org/entity/Q5039191,Carey Joyce,553,Mr. Carey Joyce (deceased),1
http://www.wikidata.org/entity/Q5046195,Carrie Acheson,2,Ms. Carrie Acheson,1
http://www.wikidata.org/entity/Q5052026,Cathal Coughlan,129,Mr. Raphael P. (Ray) Burke,0
http://www.wikidata.org/entity/Q5052836,Catherine Murphy,2138,Ms. Catherine Murphy,1
http://www.wikidata.org/entity/Q5056187,Cecil Lavery,613,Mr. Cecil Patrick Lavery,1
http://www.wikidata.org/entity/Q5058008,Celia Lynch,647,Ms. Celia Lynch,1
http://www.wikidata.org/entity/Q5077579,Charles Fagan,372,Mr. Charles Fagan,1
http://www.wikidata.org/entity/Q5085220,Charlie McConalogue,2319,Mr. Charlie McConalogue,1
http://www.wikidata.org/entity/Q5085319,Charlie O'Connor,1830,Mr. Charlie O'Connor,1
http://www.wikidata.org/entity/Q5105734,Chris Andrews,2188,Mr. Chris Andrews,1
http://www.wikidata.org/entity/Q5106553,Chris Flood,420,Mr. Chris Flood,1
http://www.wikidata.org/entity/Q5112026,Christopher Byrne,139,Mr. Christopher Michael Byrne,1
http://www.wikidata.org/entity/Q5113670,Christy O'Sullivan,2175,Mr. Christy O'Sullivan,1
http://www.wikidata.org/entity/Q5119115,Ciara Conway,2313,Ms. Ciara Conway,1
http://www.wikidata.org/entity/Q5119177,Ciarán Lynch,2165,Mr. Ciarán Lynch,1
http://www.wikidata.org/entity/Q5119184,Ciarán Murphy,797,Mr. Ciarán Murphy,1
http://www.wikidata.org/entity/Q5131303,Clement Coughlan,246,Mr. Clement Coughlan,1
http://www.wikidata.org/entity/Q5147673,Colm Gallagher,441,Mr. Colm Gallagher,1
http://www.wikidata.org/entity/Q5147676,Colm Hilliard,520,Mr. Colm Hilliard,1
http://www.wikidata.org/entity/Q5147686,Colm Keaveney,2312,Mr. Colm Keaveney,1
http://www.wikidata.org/entity/Q5157960,Con Lehane,622,Mr. Con Lehane,1
http://www.wikidata.org/entity/Q5157973,Con Meaney,753,Mr. Cornelius Meaney,1
http://www.wikidata.org/entity/Q5162247,Conor Lenihan,630,Mr. Conor Lenihan,1
http://www.wikidata.org/entity/Q5200376,Cyprian Brady,1993,Mr. Cyprian Brady,1
http://www.wikidata.org/entity/Q5213372,Dan Desmond,314,Mr. Daniel Desmond,1
http://www.wikidata.org/entity/Q5214427,Dan Spring,1047,Mr. Daniel Spring,1
http://www.wikidata.org/entity/Q5214548,Dan Wallace,1093,Mr. Dan Wallace,1
http://www.wikidata.org/entity/Q5216629,Daniel Bourke,69,Mr. Daniel Bourke,1
http://www.wikidata.org/entity/Q5217500,Daniel Hogan,1376,Mr. Daniel Hogan,1
http://www.wikidata.org/entity/Q5218125,Daniel McMenamin,750,Mr. Daniel McMenamin,1
http://www.wikidata.org/entity/Q5218172,Daniel Moloney,769,Mr. Daniel J. Moloney,1
http://www.wikidata.org/entity/Q5218304,Daniel O'Leary,907,Mr. Daniel O'Leary,1
http://www.wikidata.org/entity/Q5218317,Daniel O'Rourke,945,Mr. Daniel O'Rourke,1
http://www.wikidata.org/entity/Q5221987,Dara Murphy,2320,Mr. Dara Murphy,1
http://www.wikidata.org/entity/Q5237032,David Madden,1511,Mr. David John Madden,1
http://www.wikidata.org/entity/Q5237644,David Molony,772,Mr. David Molony,1
http://www.wikidata.org/entity/Q5240407,David Thornley,1066,Mr. David A. Thornley,1
http://www.wikidata.org/entity/Q5249319,Declan Bree,87,Mr. Declan Bree,1
http://www.wikidata.org/entity/Q5249331,Declan Costello,239,Mr. Declan Costello,1
http://www.wikidata.org/entity/Q5257076,Denis Allen,15,Mr. Denis Allen,1
http://www.wikidata.org/entity/Q5257229,Denis Farrelly,380,Mr. Denis Farrelly,1
http://www.wikidata.org/entity/Q5257240,Denis Foley,426,Mr. Denis Foley,1
http://www.wikidata.org/entity/Q5257256,Denis Gorey,470,Mr. Denis J. Gorey,1
http://www.wikidata.org/entity/Q5257285,Denis Heskin,510,Mr. Denis Heskin,1
http://www.wikidata.org/entity/Q5257298,Denis Jones,550,Mr. Denis Francis Jones,1
http://www.wikidata.org/entity/Q5257360,Denis Lyons,660,Mr. Denis Lyons,1
http://www.wikidata.org/entity/Q5262098,Derek Keating,2300,Mr. Derek Keating,1
http://www.wikidata.org/entity/Q5262181,Derek McDowell,718,Mr. Derek McDowell,1
http://www.wikidata.org/entity/Q5262229,Derek Nolan,2342,Mr. Derek Nolan,1
http://www.wikidata.org/entity/Q5262807,Dermot Fitzpatrick,408,Dr. Dermot Fitzpatrick,1
http://www.wikidata.org/entity/Q5262835,Dermot O'Mahony,914,Mr. Dermot (Gun) O'Mahony,1
http://www.wikidata.org/entity/Q5264732,Desmond Governey,475,Mr. Desmond Governey,1
http://www.wikidata.org/entity/Q5265060,Dessie Ellis,2302,Mr. Dessie Ellis,1
http://www.wikidata.org/entity/Q526634,Nuala Fennell,383,Ms. Nuala Fennell,1
http://www.wikidata.org/entity/Q526983,Joe Doyle,1918,Mr. Joseph (Joe) Doyle,1
http://www.wikidata.org/entity/Q5272843,Dick Dowling,337,Mr. Dick Dowling,1
http://www.wikidata.org/entity/Q5277023,Willie Penrose,973,Mr. Willie Penrose,1
http://www.wikidata.org/entity/Q5290907,Dominick Cafferky,150,Mr. Dominick Cafferky,1
http://www.wikidata.org/entity/Q5292489,Don Davern,289,Mr. Donal (Owen Don Bosco) Davern,1
http://www.wikidata.org/entity/Q529364,Alan Shatter,1028,Mr. Alan Shatter,1
http://www.wikidata.org/entity/Q5293859,Donal Creed,258,Mr. Donal Creed,1
http://www.wikidata.org/entity/Q5293879,Donal Moynihan,784,Mr. Donal Moynihan,1
http://www.wikidata.org/entity/Q5293885,Donal O'Donoghue,867,Mr. Donal J. O'Donoghue,1
http://www.wikidata.org/entity/Q5293892,Donal Ormonde,942,Mr. Donal Ormonde,1
http://www.wikidata.org/entity/Q5296554,Donnchadh Ó Briain,826,Mr. Donnchadh Ó Briain,1
http://www.wikidata.org/entity/Q5325539,Eamon Scanlon,1998,Mr. Eamon Scanlon,1
http://www.wikidata.org/entity/Q5325539,Eamon Scanlon,2253,Mr. Ciaran Cannon,0
http://www.wikidata.org/entity/Q5325551,Eamonn Coogan,220,Mr. Eamonn Coogan,1
http://www.wikidata.org/entity/Q5325552,Eamonn Cooney,223,Mr. Eamonn Cooney,1
http://www.wikidata.org/entity/Q5325568,Eamon Kissane,601,Mr. Eamon Kissane,1
http://www.wikidata.org/entity/Q5325575,Eamonn Maloney,2294,Mr. Eamonn Maloney,1
http://www.wikidata.org/entity/Q5325591,Eamonn O'Neill,931,Mr. Eamonn O'Neill,1
http://www.wikidata.org/entity/Q5336022,Eddie Filgate,387,Mr. Eddie Filgate,1
http://www.wikidata.org/entity/Q5336548,Eddie Wade,1090,Mr. Eddie Wade,1
http://www.wikidata.org/entity/Q5342370,Edward Collins,198,Mr. Edward Collins,1
http://www.wikidata.org/entity/Q5342420,Edward Cotter,244,Mr. Edward Cotter,1
http://www.wikidata.org/entity/Q5343903,Edward Kelly,566,Mr. Edward Kelly,1
http://www.wikidata.org/entity/Q5344480,Edward Moane,765,Mr. Edward Moane,1
http://www.wikidata.org/entity/Q5349399,Eileen Lemass,624,Ms. Eileen Lemass,1
http://www.wikidata.org/entity/Q5350027,Eithne FitzGerald,399,Ms. Eithne Fitzgerald,1
http://www.wikidata.org/entity/Q5381683,Eoghan Murphy,2288,Mr. Eoghan Murphy,1
http://www.wikidata.org/entity/Q5386225,Eric Byrne,142,Mr. Eric Byrne,1
http://www.wikidata.org/entity/Q540353,Mary Upton,1751,Dr. Mary Upton,1
http://www.wikidata.org/entity/Q540369,Cecilia Keaveney,561,Ms. Cecilia Keaveney,1
http://www.wikidata.org/entity/Q5407298,Eugene Gilbride,459,Mr. Eugene Gilbride,1
http://www.wikidata.org/entity/Q540801,Avril Doyle,339,Mr. Avril Doyle,1
http://www.wikidata.org/entity/Q540812,Frances Fitzgerald,401,Ms. Frances Fitzgerald,1
http://www.wikidata.org/entity/Q540826,Catherine Byrne,2186,Ms. Catherine Byrne,1
http://www.wikidata.org/entity/Q540847,Mary O'Rourke,946,Ms. Mary O'Rourke,1
http://www.wikidata.org/entity/Q5429120,Fad Browne,112,Mr. Patrick (Fad) Browne,1
http://www.wikidata.org/entity/Q5450326,Finian McGrath,1822,Mr. Finian McGrath,1
http://www.wikidata.org/entity/Q5450970,"Fintan Coogan, Jnr",221,Mr. Fintan (Junior) Coogan,1
http://www.wikidata.org/entity/Q5450971,"Fintan Coogan, Snr",222,Mr. Fintan (Senior) Coogan,1
http://www.wikidata.org/entity/Q5460224,Flor Crowley,265,Flor Crowley,1
http://www.wikidata.org/entity/Q5460814,Florence Wycherley,1115,Mr. Florence Wycherley,1
http://www.wikidata.org/entity/Q5481360,Francis Humphreys,540,Mr. Francis Humphreys,1
http://www.wikidata.org/entity/Q5481360,Francis Humphreys,1102,Dr. Francis Constantine (Dr.) Ward,0
http://www.wikidata.org/entity/Q5481360,Francis Humphreys,286,Mr. Francis Joseph Daly,0
http://www.wikidata.org/entity/Q5485705,Frank Carter,164,Mr. Frank Carter,1
http://www.wikidata.org/entity/Q5485709,Frank Carty,168,Mr. Francis Joseph Carty,1
http://www.wikidata.org/entity/Q5486041,Frank Crowley,266,Mr. Frank Crowley,1
http://www.wikidata.org/entity/Q5488010,Frank Loughman,643,Mr. Francis Loughman,1
http://www.wikidata.org/entity/Q5488349,Frank McLoughlin,746,Mr. Frank McLoughlin,1
http://www.wikidata.org/entity/Q5489074,Frank Prendergast,981,Mr. Frank Prendergast,1
http://www.wikidata.org/entity/Q5489545,Frank Sherwin,1039,Mr. Frank Sherwin,1
http://www.wikidata.org/entity/Q5489904,Frank Taylor,1062,Mr. Frank Taylor,1
http://www.wikidata.org/entity/Q5497604,Frederick Crowley,267,Mr. Fred Hugh Crowley,1
http://www.wikidata.org/entity/Q5512530,G. V. Wright,1114,Mr. G.V. Wright,1
http://www.wikidata.org/entity/Q5536997,George Birmingham,56,Mr. George Birmingham,1
http://www.wikidata.org/entity/Q5537536,George C. Bennett,51,Mr. George C. Bennett,1
http://www.wikidata.org/entity/Q5538008,George Coburn,185,Mr. George Coburn,1
http://www.wikidata.org/entity/Q5548717,Ger Connolly,214,Mr. Gerard C. Connolly,1
http://www.wikidata.org/entity/Q5549440,Gerald Nash,2281,Mr. Gerald Nash,1
http://www.wikidata.org/entity/Q5549965,Gerard Cott,242,Mr. Gerard Cott,1
http://www.wikidata.org/entity/Q5550071,Gerard Lynch,650,Mr. Gerard M. Lynch,1
http://www.wikidata.org/entity/Q5550105,Gerard Murphy,1826,Mr. Gerard Murphy,1
http://www.wikidata.org/entity/Q5552659,Gerry Brady,1843,Mr. Gerard (Gerry) Brady,1
http://www.wikidata.org/entity/Q5552840,Gerry L'Estrange,606,Mr. Gerald L'Estrange,1
http://www.wikidata.org/entity/Q5553005,Gerry Reynolds,992,Mr. Gerry Reynolds,1
http://www.wikidata.org/entity/Q5576562,Godfrey Timmins,1071,Mr. Godfrey Timmins,1
http://www.wikidata.org/entity/Q559402,Billy Kelleher,565,Mr. Billy Kelleher,1
http://www.wikidata.org/entity/Q559592,Donie Cassidy,1886,Mr. Donie (Daniel) Cassidy,1
http://www.wikidata.org/entity/Q559627,Jimmy Deenihan,306,Mr. Jimmy Deenihan,1
http://www.wikidata.org/entity/Q559638,Pat Breen,1766,Mr. Pat Breen,1
http://www.wikidata.org/entity/Q560453,Pat Rabbitte,986,Mr. Pat Rabbitte,1
http://www.wikidata.org/entity/Q560499,Richard Mulcahy,788,General Richard Mulcahy,1
http://www.wikidata.org/entity/Q5611439,Roddy Connolly,216,Mr. Roderick James Connolly,1
http://www.wikidata.org/entity/Q5693903,Heather Humphreys,2308,Ms. Heather Humphreys,1
http://www.wikidata.org/entity/Q5718951,Henry Byrne,143,Mr. Henry Byrne,1
http://www.wikidata.org/entity/Q5725673,Henry McDevitt,714,Mr. Henry Aloysius McDevitt,1
http://www.wikidata.org/entity/Q57276,Michael D. Higgins,517,Mr. Michael D. Higgins,1
http://www.wikidata.org/entity/Q57815,Enda Kenny,580,Mr. Enda Kenny,1
http://www.wikidata.org/entity/Q5896781,Honor Crowley,268,Ms. Honor Mary Crowley,1
http://www.wikidata.org/entity/Q5930192,Hugh Byrne,145,Mr. Hugh Byrne,0
http://www.wikidata.org/entity/Q5930194,Hugh Byrne,144,Mr. Hugh Byrne,0
http://www.wikidata.org/entity/Q5930399,Hugh Conaghan,207,Mr. Hugh Conaghan,1
http://www.wikidata.org/entity/Q5930907,Hugh Gibbons,455,Dr. Hugh Gibbons,1
http://www.wikidata.org/entity/Q6112477,Jack Finlay,390,Mr. John Finlay,1
http://www.wikidata.org/entity/Q6116323,Jackie Fahey,633,Mr. James (Jimmy) (Monaghan) Leonard,0
http://www.wikidata.org/entity/Q6116323,Jackie Fahey,374,Mr. John (Jackie) Fahey,1
http://www.wikidata.org/entity/Q6116405,Jackie Healy-Rae,501,Mr. Jackie Healy-Rae,1
http://www.wikidata.org/entity/Q6129349,James Bannon,2009,Mr. James Bannon,1
http://www.wikidata.org/entity/Q6129568,James Beckett,39,Mr. James Walter Beckett,1
http://www.wikidata.org/entity/Q6130192,James Breen,1763,Mr. James Breen,1
http://www.wikidata.org/entity/Q6130499,James Burke,123,Mr. James J. Burke,1
http://www.wikidata.org/entity/Q6131514,James Coburn,186,Mr. James Coburn,1
http://www.wikidata.org/entity/Q6131578,James Collins,200,Mr. James J. Collins,1
http://www.wikidata.org/entity/Q6134974,James Griffin,478,Mr. James Griffin,1
http://www.wikidata.org/entity/Q6135986,James Hession,511,Mr. James M. Hession,1
http://www.wikidata.org/entity/Q6136015,James Hickey,514,Mr. James Hickey,1
http://www.wikidata.org/entity/Q6136377,James Hughes,536,Mr. James Hughes,1
http://www.wikidata.org/entity/Q6137178,James Kelly,568,Mr. James Patrick Kelly,1
http://www.wikidata.org/entity/Q6137231,James Kennedy,578,Mr. James J. Kennedy,1
http://www.wikidata.org/entity/Q6137783,"James Larkin, Jnr",611,Mr. James (Junior) Larkin,1
http://www.wikidata.org/entity/Q6140218,James Myles,1698,Mr. James Tunney,0
http://www.wikidata.org/entity/Q6140218,James Myles,806,Major James Sproule (Major) Myles,1
http://www.wikidata.org/entity/Q6141044,James Pattison,969,Mr. James P. Pattison,1
http://www.wikidata.org/entity/Q6141956,James Reidy,989,Mr. James Reidy,1
http://www.wikidata.org/entity/Q6144456,James Tunney,1698,Mr. James Tunney,1
http://www.wikidata.org/entity/Q616919,Paul Murphy,2311,Mr. Paul J Connaughton,0
http://www.wikidata.org/entity/Q6180862,Jeremiah Hurley,542,Mr. Jeremiah Hurley,1
http://www.wikidata.org/entity/Q6183343,Jerry Buttimer,2225,Mr. Jerry Buttimer,1
http://www.wikidata.org/entity/Q6194524,Jim Daly,2328,Mr. Jim Daly,1
http://www.wikidata.org/entity/Q6195251,Jim Glennon,1928,Mr. Jim Glennon,1
http://www.wikidata.org/entity/Q6197248,Jim O'Keeffe,901,Mr. Jim O'Keeffe,1
http://www.wikidata.org/entity/Q6199988,Jimmy Devins,1780,Mr. Jimmy Devins,1
http://www.wikidata.org/entity/Q6204899,Joan Burke,125,Mrs. Joan T. Burke,1
http://www.wikidata.org/entity/Q6204959,Joan Collins,2292,Ms. Joan Collins,1
http://www.wikidata.org/entity/Q6208572,Joe Behan,2168,Mr. Joe Behan,1
http://www.wikidata.org/entity/Q6209000,Joe Carey,2161,Mr. Joe Carey,1
http://www.wikidata.org/entity/Q6209893,Joe Fox,430,Mr. Christopher J. (Joe) Fox,1
http://www.wikidata.org/entity/Q6210507,Joe Jacob,546,Mr. Joe Jacob,1
http://www.wikidata.org/entity/Q6211198,Joe McCartin,705,Mr. John Joseph McCartin,1
http://www.wikidata.org/entity/Q6211254,Joe McHugh,2018,Mr. Joe McHugh,1
http://www.wikidata.org/entity/Q6211607,Joe O'Reilly,1610,Mr. Joe O'Reilly,1
http://www.wikidata.org/entity/Q6212336,Joe Sherlock,1038,Mr. Joe Sherlock,1
http://www.wikidata.org/entity/Q6221375,"John Beirne, Jnr",42,Mr. John (Junior) Beirne,1
http://www.wikidata.org/entity/Q6221378,"John Beirne, Snr",43,Mr. John (Senior) Beirne,1
http://www.wikidata.org/entity/Q6225106,John Carew,157,Mr. John Carew,1
http://www.wikidata.org/entity/Q6226912,John Connor,217,Mr. John Connor,1
http://www.wikidata.org/entity/Q6227579,John Cregan,1882,Mr. John Cregan,1
http://www.wikidata.org/entity/Q6227930,John Curran,1777,Mr. John Curran,1
http://www.wikidata.org/entity/Q6229186,John Dennehy,310,Mr. John Dennehy,1
http://www.wikidata.org/entity/Q6229747,John Donnellan,332,Mr. John F. Donnellan,1
http://www.wikidata.org/entity/Q6231649,John Ellis,363,Mr. John Ellis,1
http://www.wikidata.org/entity/Q6232705,John Fanning,377,Mr. John Fanning,1
http://www.wikidata.org/entity/Q6233123,John Finan,388,Mr. John Finan,1
http://www.wikidata.org/entity/Q6233519,John Flynn,421,Mr. John Flynn,1
http://www.wikidata.org/entity/Q6234782,John Galvin,448,Mr. John Galvin,1
http://www.wikidata.org/entity/Q6237376,John Halligan,2315,Mr. John Halligan,1
http://www.wikidata.org/entity/Q6238453,John Healy,500,Mr. John B. Healy,1
http://www.wikidata.org/entity/Q6239868,John Horgan,1385,Mr. John S. Horgan,1
http://www.wikidata.org/entity/Q6241177,John J. McGuinness,741,Mr. John McGuinness,1
http://www.wikidata.org/entity/Q6241529,John James Cole,191,Mr. John James Cole,1
http://www.wikidata.org/entity/Q6242589,John Keating,558,Mr. John Keating,1
http://www.wikidata.org/entity/Q6245604,John Lynch,654,Mr. John Lynch,1
http://www.wikidata.org/entity/Q6246633,John Mannion Jnr,1521,Mr. John Martin (Jnr.) Mannion,1
http://www.wikidata.org/entity/Q6246635,"John Mannion, Snr",1520,Mr. John (Snr) Mannion,1
http://www.wikidata.org/entity/Q6247559,John McCoy,708,Mr. John McCoy,1
http://www.wikidata.org/entity/Q6248393,John Meighan,1528,Mr. John Joseph Meighan,1
http://www.wikidata.org/entity/Q6249076,John Moher,767,Mr. John W. Moher,1
http://www.wikidata.org/entity/Q6249110,John Moloney,770,Mr. John Anthony Moloney,1
http://www.wikidata.org/entity/Q6249790,John Mulvihill,794,Mr. John Mulvihill,1
http://www.wikidata.org/entity/Q6249814,John Munnelly,795,Mr. John Munnelly,1
http://www.wikidata.org/entity/Q6250862,John O'Donovan,870,Mr. John O'Donovan,1
http://www.wikidata.org/entity/Q6250936,John O'Leary,908,Mr. John (Kerry) O'Leary,0
http://www.wikidata.org/entity/Q6250938,John O'Leary,909,Mr. John (Wexford) O'Leary,0
http://www.wikidata.org/entity/Q6250954,John O'Mahony,2202,Mr. John O'Mahony,1
http://www.wikidata.org/entity/Q6251032,John O'Sullivan,958,Mr. John L. O'Sullivan,1
http://www.wikidata.org/entity/Q6252268,John Paul Phelan,2004,Mr. John Paul Phelan,1
http://www.wikidata.org/entity/Q6256072,John Ryan,1016,Mr. John J. Ryan,1
http://www.wikidata.org/entity/Q6260882,John Timoney,1073,Mr. John Joseph Timoney,1
http://www.wikidata.org/entity/Q6261392,John Tully,1080,Mr. John Tully,1
http://www.wikidata.org/entity/Q6266425,Johnny Callanan,153,Mr. John Callanan,1
http://www.wikidata.org/entity/Q6266504,Johnny Connor,218,Mr. Johnny Connor,1
http://www.wikidata.org/entity/Q6266697,Johnny Fox,431,Mr. Johnny Fox,1
http://www.wikidata.org/entity/Q6266735,Johnny Geoghegan,453,Mr. John Geoghegan,1
http://www.wikidata.org/entity/Q6274034,Jonathan O'Brien,2322,Mr. Jonathan O'Brien,1
http://www.wikidata.org/entity/Q6281363,Joseph Barron,29,Mr. Joseph Barron,1
http://www.wikidata.org/entity/Q6281488,Joseph Bermingham,53,Mr. Joseph Bermingham,1
http://www.wikidata.org/entity/Q6281712,Joseph Brennan,90,Mr. Joseph Patrick Brennan,1
http://www.wikidata.org/entity/Q6282686,Joseph Dowling,338,Mr. Joe Dowling,1
http://www.wikidata.org/entity/Q6283038,Joseph Farrell,569,Professor John M. Kelly,0
http://www.wikidata.org/entity/Q6283038,Joseph Farrell,1302,Mr. Joseph Farrell,1
http://www.wikidata.org/entity/Q6284123,Joseph Hughes,537,Mr. Joseph Hughes,1
http://www.wikidata.org/entity/Q6284914,Joseph Lenehan,1448,Mr. Joseph R. Lenehan,1
http://www.wikidata.org/entity/Q6284914,Joseph Lenehan,374,Mr. John (Jackie) Fahey,0
http://www.wikidata.org/entity/Q6285484,Joseph McLoughlin,747,Mr. Joseph McLoughlin,1
http://www.wikidata.org/entity/Q6285605,Joseph Mongan,773,Mr. Joseph W. Mongan,1
http://www.wikidata.org/entity/Q631505,Michael P. Kitt,602,Mr. Michael P. Kitt,1
http://www.wikidata.org/entity/Q631505,Michael P. Kitt,129,Mr. Raphael P. (Ray) Burke,0
http://www.wikidata.org/entity/Q633368,James Everett,371,Mr. James Everett,1
http://www.wikidata.org/entity/Q6376867,Kathleen O'Connor,850,Ms. Kathleen O'Connor,1
http://www.wikidata.org/entity/Q6396541,Kevin Humphreys,2289,Mr. Kevin Humphreys,1
http://www.wikidata.org/entity/Q6405375,Kieran Egan,359,Mr. Kieran P. Egan,1
http://www.wikidata.org/entity/Q6405442,Kieran O'Donnell,2207,Mr. Kieran O'Donnell,1
http://www.wikidata.org/entity/Q6490785,Larry McMahon,748,Mr. Lawrence (Larry) McMahon,1
http://www.wikidata.org/entity/Q6500686,Laurence Kelly,570,Mr. Laurence Kelly,1
http://www.wikidata.org/entity/Q6500921,Laurence Walsh,1098,Mr. Laurence Joseph Walsh,1
http://www.wikidata.org/entity/Q6524238,Leo Skinner,1043,Mr. Leo Baptist Skinner,1
http://www.wikidata.org/entity/Q653029,Seán Treacy,1077,Mr. Seán Treacy,1
http://www.wikidata.org/entity/Q6539473,Liam Ahern,1846,Mr. Liam (William) Ahern,1
http://www.wikidata.org/entity/Q6539503,Liam Burke,126,Mr. Liam Burke,1
http://www.wikidata.org/entity/Q6539543,Liam Cunningham,277,Mr. Liam Cunningham,1
http://www.wikidata.org/entity/Q6539591,Liam Fitzgerald,403,Mr. Liam Joseph Fitzgerald,1
http://www.wikidata.org/entity/Q6539652,Liam Hyland,545,Mr. Liam Hyland,1
http://www.wikidata.org/entity/Q6539679,Liam Lawlor,617,Mr. Liam Lawlor,1
http://www.wikidata.org/entity/Q6539805,Liam Skelly,1042,Mr. Liam Skelly,1
http://www.wikidata.org/entity/Q6555548,Lionel Booth,68,Mr. Lionel O. Booth,1
http://www.wikidata.org/entity/Q6660249,Liz McManus,749,Ms. Liz McManus,1
http://www.wikidata.org/entity/Q6660259,Liz O'Donnell,861,Ms. Liz O'Donnell,1
http://www.wikidata.org/entity/Q6678813,Lorcan Allen,16,Mr. Lorcan Allen,1
http://www.wikidata.org/entity/Q6686733,Louis Belton,47,Mr. Louis Belton,1
http://www.wikidata.org/entity/Q6701807,Luke Belton,48,Mr. Luke Belton,1
http://www.wikidata.org/entity/Q6712688,M. J. Nolan,818,Mr. M. J. Nolan,1
http://www.wikidata.org/entity/Q6726942,Madeleine Taylor-Quinn,1064,Mrs. Madeleine Taylor-Quinn,1
http://www.wikidata.org/entity/Q6729013,Mae Sexton,1840,Ms. Mae Sexton,1
http://www.wikidata.org/entity/Q6756353,Marcella Corcoran Kennedy,2339,Ms. Marcella Corcoran Kennedy,1
http://www.wikidata.org/entity/Q6759295,Margaret Conlon,2159,Ms. Margaret Conlon,1
http://www.wikidata.org/entity/Q6761937,Marian McGennis,726,Marian McGennis,1
http://www.wikidata.org/entity/Q6767323,Mark Deering,307,Mr. Mark Deering,1
http://www.wikidata.org/entity/Q6768383,"Mark Killilea, Snr",596,Mr. Mark (Snr.) Killilea,1
http://www.wikidata.org/entity/Q6768384,"Mark Killilea, Jnr",1432,Mr. Mark (Junior) Killilea,1
http://www.wikidata.org/entity/Q6775052,Martin Brennan,91,Mr. Martin Brennan,1
http://www.wikidata.org/entity/Q6775424,Martin Ferris,1783,Mr. Martin Ferris,1
http://www.wikidata.org/entity/Q6775428,Martin Finn,393,Mr. Martin Finn,1
http://www.wikidata.org/entity/Q6775524,Martin Gibbons,457,Mr. Martin Gibbons,1
http://www.wikidata.org/entity/Q6775671,Martin Heydon,2286,Mr. Martin Heydon,1
http://www.wikidata.org/entity/Q6776121,Martin Mansergh,2002,Dr. Martin Mansergh,1
http://www.wikidata.org/entity/Q6776176,Martin Medlar,1809,Mr. Michael Ffrench-O'Carroll,0
http://www.wikidata.org/entity/Q6776176,Martin Medlar,755,Mr. Martin Medlar,1
http://www.wikidata.org/entity/Q6776252,Martin Nally,808,Mr. Martin Nally,1
http://www.wikidata.org/entity/Q6776304,Martin O'Toole,1629,Mr. Martin J. O'Toole,1
http://www.wikidata.org/entity/Q6776479,Martin Roddy,1006,Mr. Martin Roddy,1
http://www.wikidata.org/entity/Q6776500,Martin Ryan,1017,Mr. Martin Ryan,1
http://www.wikidata.org/entity/Q6779557,Mary Flaherty,413,Ms. Mary Flaherty,1
http://www.wikidata.org/entity/Q6780355,Mary Mitchell O'Connor,2284,Ms. Mary Mitchell O'Connor,1
http://www.wikidata.org/entity/Q6780593,Mary Reynolds,993,Ms. Mary Reynolds,1
http://www.wikidata.org/entity/Q6780658,Mary Ryan,1059,Mr. Gerard Sweetman,0
http://www.wikidata.org/entity/Q6780658,Mary Ryan,1018,Ms. Mary Bridget Ryan,1
http://www.wikidata.org/entity/Q6780912,Mary Wallace,1094,Ms. Mary Wallace,1
http://www.wikidata.org/entity/Q6788387,Matt Brennan,92,Mr. Matt Brennan,1
http://www.wikidata.org/entity/Q6791037,Matthew O'Reilly,936,Mr. Matthew O'Reilly,1
http://www.wikidata.org/entity/Q6791813,Mattie McGrath,2197,Mr. Mattie McGrath,1
http://www.wikidata.org/entity/Q6792732,Maureen O'Carroll,838,Ms. Maureen O'Carroll,1
http://www.wikidata.org/entity/Q6793327,Maurice Manning,1953,Mr. Maurice Manning,1
http://www.wikidata.org/entity/Q6828458,Michael Barrett,25,Mr. Michael Barrett,1
http://www.wikidata.org/entity/Q6828818,Michael Brennan,93,Mr. Michael Brennan,1
http://www.wikidata.org/entity/Q6828880,Michael Browne,109,Mr. Michael Browne,1
http://www.wikidata.org/entity/Q6829148,Michael Carty,169,Mr. Michael Carty,1
http://www.wikidata.org/entity/Q6829339,Michael Colbert,190,Mr. Michael Colbert,1
http://www.wikidata.org/entity/Q6829379,Michael Collins,202,Mr. Michael Collins,1
http://www.wikidata.org/entity/Q6829535,Michael Creed,259,Mr. Michael Creed,1
http://www.wikidata.org/entity/Q6829718,Michael Davern,290,Mr. Michael J. Davern,1
http://www.wikidata.org/entity/Q6830171,Michael F. Kitt,603,Mr. Michael F. Kitt,1
http://www.wikidata.org/entity/Q6830275,Michael Ferris,1310,Mr. Michael Ferris,1
http://www.wikidata.org/entity/Q6830301,Michael Finneran,1796,Mr. Michael Finneran,1
http://www.wikidata.org/entity/Q6830305,Michael Finucane,394,Mr. Michael Finucane,1
http://www.wikidata.org/entity/Q6831036,Michael Healy-Rae,2332,Mr. Michael Healy-Rae,1
http://www.wikidata.org/entity/Q6832262,Michael Lipper,640,Mr. Michael Lipper,1
http://www.wikidata.org/entity/Q6832362,Michael Lydon,646,Mr. Michael F. Lydon,1
http://www.wikidata.org/entity/Q6832363,Michael Lynch,657,Mr. Michael Lynch,1
http://www.wikidata.org/entity/Q6832380,Michael Lyons,1467,Mr. Michael Dalgan Lyons,1
http://www.wikidata.org/entity/Q6832633,Michael McCarthy,2005,Mr. Michael McCarthy,1
http://www.wikidata.org/entity/Q6832712,Michael McGrath,2173,Mr. Michael McGrath,1
http://www.wikidata.org/entity/Q6832919,Michael Morrissey,782,Mr. Michael Morrissey,1
http://www.wikidata.org/entity/Q6832973,Michael Murphy,801,Mr. Michael Pat Murphy,1
http://www.wikidata.org/entity/Q6834339,Michael Sheehan,1030,Mr. Michael Sheehan,1
http://www.wikidata.org/entity/Q6834363,Michael Sheridan,1037,Mr. Michael Sheridan,1
http://www.wikidata.org/entity/Q6834363,Michael Sheridan,778,Mr. Michael Moran,0
http://www.wikidata.org/entity/Q6834363,Michael Sheridan,1036,Mr. Joseph Sheridan,0
http://www.wikidata.org/entity/Q6835128,Michael W. D'Arcy,2208,Mr. Michael W. D'Arcy,1
http://www.wikidata.org/entity/Q6835558,Michael ffrench-O'Carroll,1809,Mr. Michael Ffrench-O'Carroll,1
http://www.wikidata.org/entity/Q6835579,Michael Óg McFadden,722,Mr. Michael Óg McFadden,1
http://www.wikidata.org/entity/Q6837190,Michelle Mulherin,2309,Ms. Michelle Mulherin,1
http://www.wikidata.org/entity/Q6838174,Mick Fitzpatrick,409,Mr. Michael Fitzpatrick,1
http://www.wikidata.org/entity/Q6838473,Mick Wallace,2310,Mr. Mick Wallace,1
http://www.wikidata.org/entity/Q6850969,Mildred Fox,432,Ms. Mildred Fox,1
http://www.wikidata.org/entity/Q6899904,Monica Barnes,24,Mrs. Monica Barnes,1
http://www.wikidata.org/entity/Q6908540,Moosajee Bhamjee,54,Dr. Moosajee Bhamjee,1
http://www.wikidata.org/entity/Q692430,Patrick Hogan,526,Mr. Patrick Hogan,0
http://www.wikidata.org/entity/Q692430,Patrick Hogan,527,Mr. Patrick (Tipperary South) Hogan,0
http://www.wikidata.org/entity/Q6947683,Myles Keogh,586,Mr. Myles Keogh,1
http://www.wikidata.org/entity/Q6947711,Myles Staunton,1688,Mr. Myles Staunton,1
http://www.wikidata.org/entity/Q6949587,Máire Hoctor,1804,Ms. Máire Hoctor,1
http://www.wikidata.org/entity/Q6949611,Máirín Quill,983,Máirín Quill,1
http://www.wikidata.org/entity/Q6984061,Neal Blaney,58,Mr. Neal Blaney,1
http://www.wikidata.org/entity/Q6984061,Neal Blaney,1698,Mr. James Tunney,0
http://www.wikidata.org/entity/Q6985934,Ned Brennan,94,Mr. Ned Brennan,1
http://www.wikidata.org/entity/Q7023842,Niall Blaney,1812,Mr. Niall Blaney,1
http://www.wikidata.org/entity/Q7023861,Niall Collins,2205,Mr. Niall Collins,1
http://www.wikidata.org/entity/Q7025344,Nicholas Egan,361,Mr. Nicholas Egan,1
http://www.wikidata.org/entity/Q7047147,Noel O'Flynn,882,Mr. Noel O'Flynn,1
http://www.wikidata.org/entity/Q7088381,Ollie Wilkinson,1842,Mr. Ollie Wilkinson,1
http://www.wikidata.org/entity/Q7088903,Olwyn Enright,1820,Ms. Olwyn Enright,1
http://www.wikidata.org/entity/Q7117314,P. J. Morley,779,Mr. Patrick J. Morley,1
http://www.wikidata.org/entity/Q7117314,P. J. Morley,569,Professor John M. Kelly,0
http://www.wikidata.org/entity/Q7117328,P. J. Sheehan,1031,Mr. P. J. Sheehan,1
http://www.wikidata.org/entity/Q7123427,Paddy Clohessy,181,Mr. Patrick Clohessy,1
http://www.wikidata.org/entity/Q7123475,Paddy Forde,428,Mr. Paddy Forde,1
http://www.wikidata.org/entity/Q7123489,Paddy Harte,488,Mr. Paddy Harte,1
http://www.wikidata.org/entity/Q7123502,Paddy Keaveney,562,Mr. Paddy Keaveney,1
http://www.wikidata.org/entity/Q7143361,Pat Deering,2290,Mr. Patrick Deering,1
http://www.wikidata.org/entity/Q7143472,Pat Gallagher,445,Mr. Pat Gallagher,1
http://www.wikidata.org/entity/Q7143717,Pat McCartan,700,Mr. Pat McCartan,1
http://www.wikidata.org/entity/Q7146101,Patrick Beegan,40,Mr. Patrick Beegan,1
http://www.wikidata.org/entity/Q7146107,Patrick Belton,50,Mr. Patrick Belton,1
http://www.wikidata.org/entity/Q7146131,Patrick Boland,1603,Mr. Pádraic Ó Máille,0
http://www.wikidata.org/entity/Q7146131,Patrick Boland,66,Mr. Patrick Boland,1
http://www.wikidata.org/entity/Q7146160,Patrick Browne,111,Mr. Patrick Browne,1
http://www.wikidata.org/entity/Q7146172,Patrick Burke,127,Mr. Patrick Burke,1
http://www.wikidata.org/entity/Q7146173,Patrick Burke,128,Mr. Patrick J. Burke,1
http://www.wikidata.org/entity/Q7146220,Patrick Cawley,172,Mr. Patrick Cawley,1
http://www.wikidata.org/entity/Q7146249,Patrick Cogan,188,Mr. Patrick Cogan,1
http://www.wikidata.org/entity/Q7146268,Patrick Connor,219,Mr. Patrick Connor,1
http://www.wikidata.org/entity/Q7146295,Patrick Crotty,263,Mr. Patrick J. Crotty,1
http://www.wikidata.org/entity/Q7146297,Patrick Crowe,264,Mr. Patrick Crowe,1
http://www.wikidata.org/entity/Q7146308,Patrick Cummins,276,Mr. Patrick J. Cummins,1
http://www.wikidata.org/entity/Q7146323,Patrick Daly,288,Mr. Patrick Daly,1
http://www.wikidata.org/entity/Q7146349,Patrick Delap,308,Mr. Patrick Delap,1
http://www.wikidata.org/entity/Q7146387,Patrick Dooley,335,Mr. Patrick Dooley,1
http://www.wikidata.org/entity/Q7146495,Patrick Finucane,395,Mr. Patrick Finucane,1
http://www.wikidata.org/entity/Q7146512,Patrick Fogarty,1102,Dr. Francis Constantine (Dr.) Ward,0
http://www.wikidata.org/entity/Q7146512,Patrick Fogarty,425,Mr. Patrick J. Fogarty,1
http://www.wikidata.org/entity/Q7146563,Patrick Giles,461,Capt. Patrick Giles,1
http://www.wikidata.org/entity/Q7146585,Patrick Gorry,473,Mr. Patrick J. Gorry,1
http://www.wikidata.org/entity/Q7146638,Patrick Halliden,482,Mr. Patrick Joseph Halliden,1
http://www.wikidata.org/entity/Q7146687,Patrick Hegarty,503,Mr. Patrick Hegarty,1
http://www.wikidata.org/entity/Q7146687,Patrick Hegarty,979,Mr. Patrick Power,0
http://www.wikidata.org/entity/Q7146745,Patrick Hogan,526,Mr. Patrick Hogan,0
http://www.wikidata.org/entity/Q7146745,Patrick Hogan,527,Mr. Patrick (Tipperary South) Hogan,0
http://www.wikidata.org/entity/Q7146944,Patrick Kerrigan,588,Mr. Patrick Kerrigan,1
http://www.wikidata.org/entity/Q7146956,Patrick Kinane,599,Mr. Patrick Kinane,1
http://www.wikidata.org/entity/Q7147002,Patrick Lehane,623,Mr. Patrick Desmond Lehane,1
http://www.wikidata.org/entity/Q7147003,Patrick Lenihan,631,Mr. Patrick Lenihan,1
http://www.wikidata.org/entity/Q7147083,Patrick Maguire,683,Mr. Patrick J. Maguire,1
http://www.wikidata.org/entity/Q7147092,Patrick Malone,1519,Mr. Patrick Malone,1
http://www.wikidata.org/entity/Q7147121,Patrick McAuliffe,695,Mr. Patrick McAuliffe,1
http://www.wikidata.org/entity/Q7147155,Patrick McGovern,732,Mr. Patrick McGovern (Gregory),1
http://www.wikidata.org/entity/Q7147241,Patrick Mooney,775,Mr. Patrick Mooney,1
http://www.wikidata.org/entity/Q7147241,Patrick Mooney,331,Mr. Patrick S. Donegan,0
http://www.wikidata.org/entity/Q7147344,Patrick Norton,112,Mr. Patrick (Fad) Browne,0
http://www.wikidata.org/entity/Q7147344,Patrick Norton,824,Mr. Patrick Norton,1
http://www.wikidata.org/entity/Q7147378,Patrick O'Donovan,2316,Mr. Patrick O'Donovan,1
http://www.wikidata.org/entity/Q7147379,Patrick O'Driscoll,874,Mr. Patrick Florence O'Driscoll,1
http://www.wikidata.org/entity/Q7147384,Patrick O'Gorman,884,Mr. Patrick James (Joseph) O'Gorman,1
http://www.wikidata.org/entity/Q7147403,Patrick O'Malley,921,Mr. Pat (Dublin West) O'Malley,1
http://www.wikidata.org/entity/Q714741,Kieran Doherty,569,Professor John M. Kelly,0
http://www.wikidata.org/entity/Q7147414,Patrick O'Reilly,937,Mr. Patrick (Castlepoles) O'Reilly,0
http://www.wikidata.org/entity/Q7147417,Patrick O'Reilly,938,Mr. Patrick (Virginia) O'Reilly,0
http://www.wikidata.org/entity/Q7147447,Patrick Palmer,968,Mr. Patrick W. Palmer,1
http://www.wikidata.org/entity/Q7147560,Patrick Rogers,1007,Mr. Patrick James Rogers,1
http://www.wikidata.org/entity/Q7147619,Patrick Shanahan,1025,Mr. Patrick Shanahan,1
http://www.wikidata.org/entity/Q7147716,Patrick Teehan,1098,Mr. Laurence Joseph Walsh,0
http://www.wikidata.org/entity/Q7147738,Patrick Tierney,1069,Mr. Patrick Tierney,1
http://www.wikidata.org/entity/Q7148847,Paudge Brennan,96,Mr. Paudge Brennan,1
http://www.wikidata.org/entity/Q7148848,Paudge Connolly,1771,Mr. Paudge Connolly,1
http://www.wikidata.org/entity/Q7148855,Paudie Coffey,2237,Mr. Paudie Coffey,1
http://www.wikidata.org/entity/Q7149927,"Paul Connaughton, Jnr",212,Mr. Paul Connaughton,0
http://www.wikidata.org/entity/Q7149929,"Paul Connaughton, Snr",212,Mr. Paul Connaughton,0
http://www.wikidata.org/entity/Q7152357,Paul McGrath,737,Mr. Paul McGrath,1
http://www.wikidata.org/entity/Q7157770,Peadar Cowan,251,Mr. Peadar Cowan,1
http://www.wikidata.org/entity/Q7157771,Peadar Duignan,351,Mr. Peadar Duignan,1
http://www.wikidata.org/entity/Q7157787,Peadar Tóibín,2304,Mr. Peadar Tóibín,1
http://www.wikidata.org/entity/Q7167307,Percy Dockrell,321,Mr. Henry Percy Dockrell,1
http://www.wikidata.org/entity/Q7174004,Peter Fitzpatrick,2282,Mr. Peter Fitzpatrick,1
http://www.wikidata.org/entity/Q7175140,Peter Kelly,1806,Mr. Peter Kelly,1
http://www.wikidata.org/entity/Q7175706,Peter Mathews,2287,Mr. Peter Mathews,1
http://www.wikidata.org/entity/Q7176177,Peter O'Loghlen,913,Mr. Peter ( Peadar) Joseph O'Loghlen,1
http://www.wikidata.org/entity/Q7181218,Phelim Calleary,154,Mr. Phelim A. Calleary,1
http://www.wikidata.org/entity/Q7184018,Philip Mahony,686,Mr. Philip Mahony,1
http://www.wikidata.org/entity/Q7264002,Pádraig Mac Lochlainn,2321,Mr. Pádraig Mac Lochlainn,1
http://www.wikidata.org/entity/Q7297275,Ray Butler,2303,Mr. Ray Butler,1
http://www.wikidata.org/entity/Q7308461,Regina Doherty,2295,Ms. Regina Doherty,1
http://www.wikidata.org/entity/Q7323754,Richard Anthony,20,Mr. Richard Sidney Anthony,1
http://www.wikidata.org/entity/Q7323982,Richard Barry,33,Mr. Richard Barry,1
http://www.wikidata.org/entity/Q7324900,Richard Corish,229,Mr. Richard Corish,1
http://www.wikidata.org/entity/Q7325005,Richard Curran,279,Mr. Richard Curran,1
http://www.wikidata.org/entity/Q7325963,Richard Gogan,468,Mr. Richard Gogan,1
http://www.wikidata.org/entity/Q7329222,Richard Stapleton,1054,Mr. Richard Stapleton,1
http://www.wikidata.org/entity/Q7329791,Richard Walsh,1099,Mr. Richard Walsh,1
http://www.wikidata.org/entity/Q7343623,Robert Dowds,2299,Mr. Robert Dowds,1
http://www.wikidata.org/entity/Q7346683,Robert Lahiffe,607,Mr. Robert Lahiffe,1
http://www.wikidata.org/entity/Q7349436,Robert Ryan,1660,Mr. Robert James Rowlette,0
http://www.wikidata.org/entity/Q7349436,Robert Ryan,1021,Mr. Robert Ryan,1
http://www.wikidata.org/entity/Q735593,Conor Cruise O'Brien,272,Dr. Conor Cruise O'Brien,1
http://www.wikidata.org/entity/Q7358227,Roger Garland,451,Mr. Roger Garland,1
http://www.wikidata.org/entity/Q7375677,Ruairí Brugha,117,Mr. Ruairí Brugha,1
http://www.wikidata.org/entity/Q7416710,Sandra McLellan,2318,Ms. Sandra McLellan,1
http://www.wikidata.org/entity/Q7440851,Sean Byrne,1186,Mr. Sean Byrne,1
http://www.wikidata.org/entity/Q7459460,Seán Brady,83,Mr. Sean Brady,1
http://www.wikidata.org/entity/Q7459462,Seán Broderick,103,Mr. Sean Broderick,1
http://www.wikidata.org/entity/Q7459463,Seán Ardagh,21,Mr. Seán Ardagh,1
http://www.wikidata.org/entity/Q7459465,Seán Brosnan,105,Mr. Sean Brosnan,1
http://www.wikidata.org/entity/Q7459466,Seán Browne,113,Mr. Séan Browne,1
http://www.wikidata.org/entity/Q7459470,Seán Buckley,806,Major James Sproule (Major) Myles,0
http://www.wikidata.org/entity/Q7459470,Seán Buckley,121,Mr. Sean Buckley,1
http://www.wikidata.org/entity/Q7459476,Seán Calleary,155,Mr. Sean Calleary,1
http://www.wikidata.org/entity/Q7459482,Seán Casey,170,Mr. Sean Casey,1
http://www.wikidata.org/entity/Q7459488,Seán Collins,203,Mr. Sean Collins,1
http://www.wikidata.org/entity/Q7459490,Seán Connick,2199,Mr. Sean Connick,1
http://www.wikidata.org/entity/Q7459491,Seán Conlan,2306,Mr. Sean Conlan,1
http://www.wikidata.org/entity/Q7459496,Seán Crowe,1774,Mr. Sean Crowe,1
http://www.wikidata.org/entity/Q7459506,Seán Doherty,327,Mr. Sean (Mayo North) Doherty,1
http://www.wikidata.org/entity/Q7459515,Seán Dunne,353,Mr. Sean Dunne,1
http://www.wikidata.org/entity/Q7459524,Seán French,435,Mr. Sean (Cork City) French,1
http://www.wikidata.org/entity/Q7459536,Seán Keane,557,Mr. Seán Keane,1
http://www.wikidata.org/entity/Q7459537,Seán Keegan,563,Mr. Seán Keegan,1
http://www.wikidata.org/entity/Q7459544,Seán Kyne,2343,Mr. Seán Kyne,1
http://www.wikidata.org/entity/Q7459557,Seán McCarthy,703,Mr. Seán (Cork) McCarthy,0
http://www.wikidata.org/entity/Q7459558,Seán McCarthy,704,Dr. Sean (Tipperary) McCarthy,0
http://www.wikidata.org/entity/Q7459588,Seán O'Grady,885,Mr. Seán O'Grady,1
http://www.wikidata.org/entity/Q7459596,Seán Power,980,Mr. Seán Power,1
http://www.wikidata.org/entity/Q7459603,Seán Ryan,1753,Mr. Sean Ryan,1
http://www.wikidata.org/entity/Q7459604,Seán Sherlock,2163,Mr. Sean Sherlock,1
http://www.wikidata.org/entity/Q7459611,Seán Tubridy,1078,Mr. John Tubridy,1
http://www.wikidata.org/entity/Q7459613,Seán Walsh,1100,Mr. Seán Walsh,1
http://www.wikidata.org/entity/Q7459622,Seán Ó Ceallaigh,840,Mr. Seán Ó Ceallaigh,1
http://www.wikidata.org/entity/Q7459627,Seán Ó Fearghaíl,1827,Mr. Seán Ó Fearghaíl,1
http://www.wikidata.org/entity/Q7493054,Sheila Galvin,449,Ms. Sheila Galvin,1
http://www.wikidata.org/entity/Q7518922,Simon Harris,2338,Mr. Simon Harris,1
http://www.wikidata.org/entity/Q7526011,"Sir Anthony Esmonde, 15th Baronet",367,Sir Anthony Charles Esmonde,1
http://www.wikidata.org/entity/Q7527762,"Sir John Esmonde, 16th Baronet",366,Mr. John Grattan Esmonde,1
http://www.wikidata.org/entity/Q7527762,"Sir John Esmonde, 16th Baronet",569,Professor John M. Kelly,0
http://www.wikidata.org/entity/Q7527764,"Sir John Esmonde, 14th Baronet",368,Sir John Esmonde,1
http://www.wikidata.org/entity/Q7608665,Stephen Barrett,27,Mr. Stephen D. Barrett,1
http://www.wikidata.org/entity/Q7608960,Stephen Coughlan,248,Mr. Stephen Coughlan,1
http://www.wikidata.org/entity/Q7609205,Stephen Flynn,423,Mr. Stephen Flynn,1
http://www.wikidata.org/entity/Q7609255,Stephen Fuller,438,Mr. Stephen Fuller,1
http://www.wikidata.org/entity/Q76139,Gerry Adams,2280,Mr. Gerry Adams,1
http://www.wikidata.org/entity/Q7660040,Sydney Minch,761,Capt. Sydney B. (Captain) Minch,1
http://www.wikidata.org/entity/Q7665849,Séamus Cullimore,1245,Mr. Seamus Cullimore,1
http://www.wikidata.org/entity/Q7665854,Séamus Fitzgerald,404,Mr. Seamus Fitzgerald,1
http://www.wikidata.org/entity/Q7665856,Séamus Healy,1750,Mr. Seamus Healy,1
http://www.wikidata.org/entity/Q7665862,Séamus Hughes,539,Mr. Seamus Hughes,1
http://www.wikidata.org/entity/Q7665870,Séamus Moore,776,Mr. Séamus Moore,1
http://www.wikidata.org/entity/Q7674573,Tadhg Crowley,271,Mr. Tadhg Crowley,1
http://www.wikidata.org/entity/Q7674583,Tadhg Manley,688,Mr. Timothy (Tadhg) Manley,1
http://www.wikidata.org/entity/Q7693543,Ted Nealon,811,Mr. Ted Nealon,1
http://www.wikidata.org/entity/Q7701851,Terence Boylan,72,Mr. Terence Boylan,1
http://www.wikidata.org/entity/Q7708994,Thaddeus Lynch,658,Mr. Thaddeus Lynch,1
http://www.wikidata.org/entity/Q7782845,Theresa Ahearn,4,Mrs. Theresa Ahearn,1
http://www.wikidata.org/entity/Q7787560,Thomas Bellew,45,Mr. Tom Bellew,1
http://www.wikidata.org/entity/Q7787857,Thomas Brennan,98,Mr. Thomas Brennan,1
http://www.wikidata.org/entity/Q7788059,Thomas Burke,131,Mr. Thomas Burke,1
http://www.wikidata.org/entity/Q7788059,Thomas Burke,612,Mr. James (Senior) Larkin,0
http://www.wikidata.org/entity/Q7788105,Thomas Byrne,2203,Mr. Thomas Byrne,1
http://www.wikidata.org/entity/Q7788261,Thomas Carter,166,Mr. Thomas Carter,1
http://www.wikidata.org/entity/Q7789041,Thomas Dowdall,336,Mr. Thomas Dowdall,1
http://www.wikidata.org/entity/Q7789116,Thomas Dunne,354,Mr. Thomas Dunne,1
http://www.wikidata.org/entity/Q7789468,Thomas F. O'Higgins,896,Mr. Thomas Francis (Snr.) O'Higgins,1
http://www.wikidata.org/entity/Q7790442,Thomas Harris,487,Mr. Thomas Harris,1
http://www.wikidata.org/entity/Q7790923,Thomas Hussey,544,Mr. Thomas Hussey,1
http://www.wikidata.org/entity/Q7791061,Thomas J. Fitzpatrick,410,Mr. Thomas J. (Cavan) Fitzpatrick,0
http://www.wikidata.org/entity/Q7791061,Thomas J. Fitzpatrick,411,Mr. Thomas J. (Dublin South-Central) Fitzpatrick,0
http://www.wikidata.org/entity/Q7791465,Thomas Kelly,572,Mr. Thomas Kelly,1
http://www.wikidata.org/entity/Q7791612,Thomas Kyne,605,Mr. Thomas Anthony Kyne,1
http://www.wikidata.org/entity/Q7791742,Thomas Lawlor,618,Mr. Thomas Lawlor,1
http://www.wikidata.org/entity/Q7791919,Thomas Looney,642,Mr. Thomas David Looney,1
http://www.wikidata.org/entity/Q7792360,Thomas Meaney,754,Mr. Thomas Meaney,1
http://www.wikidata.org/entity/Q7792605,Thomas Mullen,791,Mr. Thomas Mullen,1
http://www.wikidata.org/entity/Q7792813,Thomas O'Hara,891,Mr. Thomas O'Hara,1
http://www.wikidata.org/entity/Q7793298,Thomas Pringle,2324,Mr. Thomas Pringle,1
http://www.wikidata.org/entity/Q7804066,Tim O'Malley,1835,Mr. Tim O'Malley,1
http://www.wikidata.org/entity/Q7807326,Timothy Killeen,593,Mr. Timothy J. Killeen,1
http://www.wikidata.org/entity/Q7807356,Timothy Linehan,639,Mr. Timothy Linehan,1
http://www.wikidata.org/entity/Q7807421,Timothy O'Connor,851,Mr. Timothy O'Connor,1
http://www.wikidata.org/entity/Q7807432,Timothy O'Sullivan,961,Mr. Timothy (Ted) O'Sullivan,1
http://www.wikidata.org/entity/Q781061,Austin Deasy,304,Mr. Austin Deasy,1
http://www.wikidata.org/entity/Q7812756,Toddy O'Sullivan,963,Mr. Toddy O'Sullivan,1
http://www.wikidata.org/entity/Q7814890,Tom Barry,2317,Mr. Tom Barry,1
http://www.wikidata.org/entity/Q7815726,Tom Enright,365,Mr. Tom.W Enright,1
http://www.wikidata.org/entity/Q7815805,Tom Fleming,2331,Mr. Tom Fleming,1
http://www.wikidata.org/entity/Q7815849,Tom Foxe,433,Mr. Tom Foxe,1
http://www.wikidata.org/entity/Q7816565,Tom Leonard,635,Mr. Thomas Leonard,1
http://www.wikidata.org/entity/Q7816792,Tom McEllistrim,1694,Professor Michael Tierney,0
http://www.wikidata.org/entity/Q7816792,Tom McEllistrim,721,Mr. Thomas (Snr.) McEllistrim,0
http://www.wikidata.org/entity/Q7816793,Tom McEllistrim,720,Mr. Thomas (Jnr.) McEllistrim,0
http://www.wikidata.org/entity/Q7816800,Tom McEllistrim,1821,Mr. Thomas McEllistrim,0
http://www.wikidata.org/entity/Q7816909,Tom Moffatt,766,Dr. Tom Moffatt,1
http://www.wikidata.org/entity/Q7817098,Tom O'Reilly,939,Mr. Thomas P. (Cavan) O'Reilly,1
http://www.wikidata.org/entity/Q7817161,Tom Parlon,1837,Mr. Tom Parlon,1
http://www.wikidata.org/entity/Q7822223,Tony Dempsey,1818,Mr. Tony Dempsey,1
http://www.wikidata.org/entity/Q7878967,Ulick Burke,1177,Mr. Ulick Burke,1
http://www.wikidata.org/entity/Q7964899,Walter Furlong,439,Mr. Walter Furlong,1
http://www.wikidata.org/entity/Q8005962,William Broderick,104,Mr. William Joseph Broderick,1
http://www.wikidata.org/entity/Q8007649,William Davin,292,Mr. William Davin,1
http://www.wikidata.org/entity/Q8008165,William Dwyer,357,Mr. William Dwyer,1
http://www.wikidata.org/entity/Q8013927,William Kenneally,575,Mr. William Kenneally,1
http://www.wikidata.org/entity/Q8016238,William O'Donnell,866,Mr. William Francis O'Donnell,1
http://www.wikidata.org/entity/Q8018357,William Sheldon,1034,Mr. William Alexander Watson Sheldon,1
http://www.wikidata.org/entity/Q8076620,Áine Collins,2323,Ms. Áine Collins,1
http://www.wikidata.org/entity/Q8077870,Éamon Rooney,1008,Mr. Éamon Rooney,1
http://www.wikidata.org/entity/Q809027,Barry Desmond,313,Mr. Barry Desmond,1
http://www.wikidata.org/entity/Q822337,Bernard Butler,135,Mr. Bernard Butler,1
http://www.wikidata.org/entity/Q822337,Bernard Butler,1663,Mr. George Edward Russell,0
http://www.wikidata.org/entity/Q888438,Bobby Aylward,2172,Mr. Bobby Aylward,1
http://www.wikidata.org/entity/Q888629,Bobby Molloy,768,Mr. Robert (Bobby) Molloy,1
http://www.wikidata.org/entity/Q908658,Brendan Corish,228,Mr. Brendan Corish,1
http://www.wikidata.org/entity/Q908665,Brendan Daly,284,Mr. Brendan Daly,1
http://www.wikidata.org/entity/Q912430,"Brian Lenihan, Jnr",628,Mr. Brian Joseph Lenihan RIP,1
http://www.wikidata.org/entity/Q912542,Brian Lenihan Snr,629,Mr. Brian (Snr.) Lenihan,1
http://www.wikidata.org/entity/Q912542,Brian Lenihan Snr,633,Mr. James (Jimmy) (Monaghan) Leonard,0
http://www.wikidata.org/entity/Q920195,Eamon Ryan,2028,Mr. Eamon Ryan,1
http://www.wikidata.org/entity/Q920403,Micheál Martin,693,Mr. Micheál Martin,1
http://www.wikidata.org/entity/Q920403,Micheál Martin,985,Mr. Ruairí Quinn,0
http://www.wikidata.org/entity/Q935787,Niall Andrews,19,Mr. Niall Andrews,1
http://www.wikidata.org/entity/Q945705,Thomas Derrig,312,Mr. Thomas Derrig,1
http://www.wikidata.org/entity/Q955529,Patrick O'Donnell,862,Mr. Patrick O'Donnell,1
http://www.wikidata.org/entity/Q964365,Seán MacEntee,674,Mr. Seán MacEntee,1
http://www.wikidata.org/entity/Q964465,Jim Higgins,515,Mr. Jim Higgins,1
http://www.wikidata.org/entity/Q968439,Seán Moylan,783,Mr. Seán Moylan,1
http://www.wikidata.org/entity/Q974143,Dermot Ahern,6,Mr. Dermot Ahern,1
http://www.wikidata.org/entity/Q981847,Richard Bruton,119,Mr. Richard Bruton,1
http://www.wikidata.org/entity/Q981866,Pat the Cope Gallagher,446,Mr. Pat (The Cope) Gallagher (Seat vacated 06-06-2009),1
http://www.wikidata.org/entity/Q981878,Séamus Kirk,600,Mr. Séamus Kirk,1
http://www.wikidata.org/entity/Q981985,John O'Donoghue,868,Mr. John O'Donoghue,1
http://www.wikidata.org/entity/Q982225,Eamon Gilmore,464,Mr. Eamon Gilmore,1
http://www.wikidata.org/entity/Q983508,Phil Hogan,528,Mr. Phil Hogan,1
http://www.wikidata.org/entity/Q995633,Michael Woods,1113,Dr. Michael J. Woods,1
http://www.wikidata.org/entity/Q999706,Vincent Brady,84,Mr. Vincent Brady,1
